"country","age_group","start_date","end_date","total_rsv_hospitalisations","season"
"Austria","0-2mo",2026-08-31,2027-08-29,1262,"2026/2027"
"Austria","1-4",2026-08-31,2027-08-29,969,"2026/2027"
"Austria","18-59",2026-08-31,2027-08-29,300,"2026/2027"
"Austria","3-5mo",2026-08-31,2027-08-29,651,"2026/2027"
"Austria","5-17",2026-08-31,2027-08-29,53,"2026/2027"
"Austria","6-11mo",2026-08-31,2027-08-29,513,"2026/2027"
"Austria","60-64",2026-08-31,2027-08-29,192,"2026/2027"
"Austria","65-69",2026-08-31,2027-08-29,277,"2026/2027"
"Austria","70-74",2026-08-31,2027-08-29,355,"2026/2027"
"Austria","75-79",2026-08-31,2027-08-29,438,"2026/2027"
"Austria","80+",2026-08-31,2027-08-29,1794,"2026/2027"
"Austria","0-2mo",2027-08-30,2028-08-27,1262,"2027/2028"
"Austria","1-4",2027-08-30,2028-08-27,969,"2027/2028"
"Austria","18-59",2027-08-30,2028-08-27,300,"2027/2028"
"Austria","3-5mo",2027-08-30,2028-08-27,651,"2027/2028"
"Austria","5-17",2027-08-30,2028-08-27,53,"2027/2028"
"Austria","6-11mo",2027-08-30,2028-08-27,513,"2027/2028"
"Austria","60-64",2027-08-30,2028-08-27,192,"2027/2028"
"Austria","65-69",2027-08-30,2028-08-27,277,"2027/2028"
"Austria","70-74",2027-08-30,2028-08-27,355,"2027/2028"
"Austria","75-79",2027-08-30,2028-08-27,438,"2027/2028"
"Austria","80+",2027-08-30,2028-08-27,1794,"2027/2028"
"Belgium","0-2mo",2026-08-31,2027-08-29,2031,"2026/2027"
"Belgium","1-4",2026-08-31,2027-08-29,1478,"2026/2027"
"Belgium","18-59",2026-08-31,2027-08-29,455,"2026/2027"
"Belgium","3-5mo",2026-08-31,2027-08-29,1029,"2026/2027"
"Belgium","5-17",2026-08-31,2027-08-29,142,"2026/2027"
"Belgium","6-11mo",2026-08-31,2027-08-29,866,"2026/2027"
"Belgium","60-64",2026-08-31,2027-08-29,269,"2026/2027"
"Belgium","65-69",2026-08-31,2027-08-29,356,"2026/2027"
"Belgium","70-74",2026-08-31,2027-08-29,511,"2026/2027"
"Belgium","75-79",2026-08-31,2027-08-29,662,"2026/2027"
"Belgium","80+",2026-08-31,2027-08-29,2332,"2026/2027"
"Belgium","0-2mo",2027-08-30,2028-08-27,2031,"2027/2028"
"Belgium","1-4",2027-08-30,2028-08-27,1478,"2027/2028"
"Belgium","18-59",2027-08-30,2028-08-27,455,"2027/2028"
"Belgium","3-5mo",2027-08-30,2028-08-27,1029,"2027/2028"
"Belgium","5-17",2027-08-30,2028-08-27,142,"2027/2028"
"Belgium","6-11mo",2027-08-30,2028-08-27,866,"2027/2028"
"Belgium","60-64",2027-08-30,2028-08-27,269,"2027/2028"
"Belgium","65-69",2027-08-30,2028-08-27,356,"2027/2028"
"Belgium","70-74",2027-08-30,2028-08-27,511,"2027/2028"
"Belgium","75-79",2027-08-30,2028-08-27,662,"2027/2028"
"Belgium","80+",2027-08-30,2028-08-27,2332,"2027/2028"
"Bulgaria","0-2mo",2026-08-31,2027-08-29,1168,"2026/2027"
"Bulgaria","1-4",2026-08-31,2027-08-29,727,"2026/2027"
"Bulgaria","18-59",2026-08-31,2027-08-29,250,"2026/2027"
"Bulgaria","3-5mo",2026-08-31,2027-08-29,616,"2026/2027"
"Bulgaria","5-17",2026-08-31,2027-08-29,40,"2026/2027"
"Bulgaria","6-11mo",2026-08-31,2027-08-29,546,"2026/2027"
"Bulgaria","60-64",2026-08-31,2027-08-29,141,"2026/2027"
"Bulgaria","65-69",2026-08-31,2027-08-29,246,"2026/2027"
"Bulgaria","70-74",2026-08-31,2027-08-29,346,"2026/2027"
"Bulgaria","75-79",2026-08-31,2027-08-29,445,"2026/2027"
"Bulgaria","80+",2026-08-31,2027-08-29,1096,"2026/2027"
"Bulgaria","0-2mo",2027-08-30,2028-08-27,1168,"2027/2028"
"Bulgaria","1-4",2027-08-30,2028-08-27,727,"2027/2028"
"Bulgaria","18-59",2027-08-30,2028-08-27,250,"2027/2028"
"Bulgaria","3-5mo",2027-08-30,2028-08-27,616,"2027/2028"
"Bulgaria","5-17",2027-08-30,2028-08-27,40,"2027/2028"
"Bulgaria","6-11mo",2027-08-30,2028-08-27,546,"2027/2028"
"Bulgaria","60-64",2027-08-30,2028-08-27,141,"2027/2028"
"Bulgaria","65-69",2027-08-30,2028-08-27,246,"2027/2028"
"Bulgaria","70-74",2027-08-30,2028-08-27,346,"2027/2028"
"Bulgaria","75-79",2027-08-30,2028-08-27,445,"2027/2028"
"Bulgaria","80+",2027-08-30,2028-08-27,1096,"2027/2028"
"Croatia","0-2mo",2026-08-31,2027-08-29,625,"2026/2027"
"Croatia","1-4",2026-08-31,2027-08-29,412,"2026/2027"
"Croatia","18-59",2026-08-31,2027-08-29,125,"2026/2027"
"Croatia","3-5mo",2026-08-31,2027-08-29,317,"2026/2027"
"Croatia","5-17",2026-08-31,2027-08-29,33,"2026/2027"
"Croatia","6-11mo",2026-08-31,2027-08-29,316,"2026/2027"
"Croatia","60-64",2026-08-31,2027-08-29,76,"2026/2027"
"Croatia","65-69",2026-08-31,2027-08-29,139,"2026/2027"
"Croatia","70-74",2026-08-31,2027-08-29,190,"2026/2027"
"Croatia","75-79",2026-08-31,2027-08-29,228,"2026/2027"
"Croatia","80+",2026-08-31,2027-08-29,609,"2026/2027"
"Croatia","0-2mo",2027-08-30,2028-08-27,625,"2027/2028"
"Croatia","1-4",2027-08-30,2028-08-27,412,"2027/2028"
"Croatia","18-59",2027-08-30,2028-08-27,125,"2027/2028"
"Croatia","3-5mo",2027-08-30,2028-08-27,317,"2027/2028"
"Croatia","5-17",2027-08-30,2028-08-27,33,"2027/2028"
"Croatia","6-11mo",2027-08-30,2028-08-27,316,"2027/2028"
"Croatia","60-64",2027-08-30,2028-08-27,76,"2027/2028"
"Croatia","65-69",2027-08-30,2028-08-27,139,"2027/2028"
"Croatia","70-74",2027-08-30,2028-08-27,190,"2027/2028"
"Croatia","75-79",2027-08-30,2028-08-27,228,"2027/2028"
"Croatia","80+",2027-08-30,2028-08-27,609,"2027/2028"
"Cyprus","0-2mo",2026-08-31,2027-08-29,188,"2026/2027"
"Cyprus","1-4",2026-08-31,2027-08-29,127,"2026/2027"
"Cyprus","18-59",2026-08-31,2027-08-29,49,"2026/2027"
"Cyprus","3-5mo",2026-08-31,2027-08-29,103,"2026/2027"
"Cyprus","5-17",2026-08-31,2027-08-29,9,"2026/2027"
"Cyprus","6-11mo",2026-08-31,2027-08-29,91,"2026/2027"
"Cyprus","60-64",2026-08-31,2027-08-29,20,"2026/2027"
"Cyprus","65-69",2026-08-31,2027-08-29,26,"2026/2027"
"Cyprus","70-74",2026-08-31,2027-08-29,39,"2026/2027"
"Cyprus","75-79",2026-08-31,2027-08-29,70,"2026/2027"
"Cyprus","80+",2026-08-31,2027-08-29,141,"2026/2027"
"Cyprus","0-2mo",2027-08-30,2028-08-27,188,"2027/2028"
"Cyprus","1-4",2027-08-30,2028-08-27,127,"2027/2028"
"Cyprus","18-59",2027-08-30,2028-08-27,49,"2027/2028"
"Cyprus","3-5mo",2027-08-30,2028-08-27,103,"2027/2028"
"Cyprus","5-17",2027-08-30,2028-08-27,9,"2027/2028"
"Cyprus","6-11mo",2027-08-30,2028-08-27,91,"2027/2028"
"Cyprus","60-64",2027-08-30,2028-08-27,20,"2027/2028"
"Cyprus","65-69",2027-08-30,2028-08-27,26,"2027/2028"
"Cyprus","70-74",2027-08-30,2028-08-27,39,"2027/2028"
"Cyprus","75-79",2027-08-30,2028-08-27,70,"2027/2028"
"Cyprus","80+",2027-08-30,2028-08-27,141,"2027/2028"
"Czech Republic","0-2mo",2026-08-31,2027-08-29,1694,"2026/2027"
"Czech Republic","1-4",2026-08-31,2027-08-29,1438,"2026/2027"
"Czech Republic","18-59",2026-08-31,2027-08-29,345,"2026/2027"
"Czech Republic","3-5mo",2026-08-31,2027-08-29,845,"2026/2027"
"Czech Republic","5-17",2026-08-31,2027-08-29,99,"2026/2027"
"Czech Republic","6-11mo",2026-08-31,2027-08-29,808,"2026/2027"
"Czech Republic","60-64",2026-08-31,2027-08-29,172,"2026/2027"
"Czech Republic","65-69",2026-08-31,2027-08-29,296,"2026/2027"
"Czech Republic","70-74",2026-08-31,2027-08-29,494,"2026/2027"
"Czech Republic","75-79",2026-08-31,2027-08-29,660,"2026/2027"
"Czech Republic","80+",2026-08-31,2027-08-29,1555,"2026/2027"
"Czech Republic","0-2mo",2027-08-30,2028-08-27,1694,"2027/2028"
"Czech Republic","1-4",2027-08-30,2028-08-27,1438,"2027/2028"
"Czech Republic","18-59",2027-08-30,2028-08-27,345,"2027/2028"
"Czech Republic","3-5mo",2027-08-30,2028-08-27,845,"2027/2028"
"Czech Republic","5-17",2027-08-30,2028-08-27,99,"2027/2028"
"Czech Republic","6-11mo",2027-08-30,2028-08-27,808,"2027/2028"
"Czech Republic","60-64",2027-08-30,2028-08-27,172,"2027/2028"
"Czech Republic","65-69",2027-08-30,2028-08-27,296,"2027/2028"
"Czech Republic","70-74",2027-08-30,2028-08-27,494,"2027/2028"
"Czech Republic","75-79",2027-08-30,2028-08-27,660,"2027/2028"
"Czech Republic","80+",2027-08-30,2028-08-27,1555,"2027/2028"
"Denmark","0-2mo",2026-08-31,2027-08-29,864,"2026/2027"
"Denmark","1-4",2026-08-31,2027-08-29,1115,"2026/2027"
"Denmark","18-59",2026-08-31,2027-08-29,187,"2026/2027"
"Denmark","3-5mo",2026-08-31,2027-08-29,595,"2026/2027"
"Denmark","5-17",2026-08-31,2027-08-29,46,"2026/2027"
"Denmark","6-11mo",2026-08-31,2027-08-29,546,"2026/2027"
"Denmark","60-64",2026-08-31,2027-08-29,111,"2026/2027"
"Denmark","65-69",2026-08-31,2027-08-29,162,"2026/2027"
"Denmark","70-74",2026-08-31,2027-08-29,219,"2026/2027"
"Denmark","75-79",2026-08-31,2027-08-29,296,"2026/2027"
"Denmark","80+",2026-08-31,2027-08-29,749,"2026/2027"
"Denmark","0-2mo",2027-08-30,2028-08-27,864,"2027/2028"
"Denmark","1-4",2027-08-30,2028-08-27,1115,"2027/2028"
"Denmark","18-59",2027-08-30,2028-08-27,187,"2027/2028"
"Denmark","3-5mo",2027-08-30,2028-08-27,595,"2027/2028"
"Denmark","5-17",2027-08-30,2028-08-27,46,"2027/2028"
"Denmark","6-11mo",2027-08-30,2028-08-27,546,"2027/2028"
"Denmark","60-64",2027-08-30,2028-08-27,111,"2027/2028"
"Denmark","65-69",2027-08-30,2028-08-27,162,"2027/2028"
"Denmark","70-74",2027-08-30,2028-08-27,219,"2027/2028"
"Denmark","75-79",2027-08-30,2028-08-27,296,"2027/2028"
"Denmark","80+",2027-08-30,2028-08-27,749,"2027/2028"
"Estonia","0-2mo",2026-08-31,2027-08-29,182,"2026/2027"
"Estonia","1-4",2026-08-31,2027-08-29,161,"2026/2027"
"Estonia","18-59",2026-08-31,2027-08-29,37,"2026/2027"
"Estonia","3-5mo",2026-08-31,2027-08-29,88,"2026/2027"
"Estonia","5-17",2026-08-31,2027-08-29,12,"2026/2027"
"Estonia","6-11mo",2026-08-31,2027-08-29,70,"2026/2027"
"Estonia","60-64",2026-08-31,2027-08-29,33,"2026/2027"
"Estonia","65-69",2026-08-31,2027-08-29,45,"2026/2027"
"Estonia","70-74",2026-08-31,2027-08-29,48,"2026/2027"
"Estonia","75-79",2026-08-31,2027-08-29,67,"2026/2027"
"Estonia","80+",2026-08-31,2027-08-29,220,"2026/2027"
"Estonia","0-2mo",2027-08-30,2028-08-27,182,"2027/2028"
"Estonia","1-4",2027-08-30,2028-08-27,161,"2027/2028"
"Estonia","18-59",2027-08-30,2028-08-27,37,"2027/2028"
"Estonia","3-5mo",2027-08-30,2028-08-27,88,"2027/2028"
"Estonia","5-17",2027-08-30,2028-08-27,12,"2027/2028"
"Estonia","6-11mo",2027-08-30,2028-08-27,70,"2027/2028"
"Estonia","60-64",2027-08-30,2028-08-27,33,"2027/2028"
"Estonia","65-69",2027-08-30,2028-08-27,45,"2027/2028"
"Estonia","70-74",2027-08-30,2028-08-27,48,"2027/2028"
"Estonia","75-79",2027-08-30,2028-08-27,67,"2027/2028"
"Estonia","80+",2027-08-30,2028-08-27,220,"2027/2028"
"Finland","0-2mo",2026-08-31,2027-08-29,879,"2026/2027"
"Finland","1-4",2026-08-31,2027-08-29,596,"2026/2027"
"Finland","18-59",2026-08-31,2027-08-29,48,"2026/2027"
"Finland","3-5mo",2026-08-31,2027-08-29,453,"2026/2027"
"Finland","5-17",2026-08-31,2027-08-29,6,"2026/2027"
"Finland","6-11mo",2026-08-31,2027-08-29,363,"2026/2027"
"Finland","60-64",2026-08-31,2027-08-29,33,"2026/2027"
"Finland","65-69",2026-08-31,2027-08-29,57,"2026/2027"
"Finland","70-74",2026-08-31,2027-08-29,96,"2026/2027"
"Finland","75-79",2026-08-31,2027-08-29,153,"2026/2027"
"Finland","80+",2026-08-31,2027-08-29,515,"2026/2027"
"Finland","0-2mo",2027-08-30,2028-08-27,879,"2027/2028"
"Finland","1-4",2027-08-30,2028-08-27,596,"2027/2028"
"Finland","18-59",2027-08-30,2028-08-27,48,"2027/2028"
"Finland","3-5mo",2027-08-30,2028-08-27,453,"2027/2028"
"Finland","5-17",2027-08-30,2028-08-27,6,"2027/2028"
"Finland","6-11mo",2027-08-30,2028-08-27,363,"2027/2028"
"Finland","60-64",2027-08-30,2028-08-27,33,"2027/2028"
"Finland","65-69",2027-08-30,2028-08-27,57,"2027/2028"
"Finland","70-74",2027-08-30,2028-08-27,96,"2027/2028"
"Finland","75-79",2027-08-30,2028-08-27,153,"2027/2028"
"Finland","80+",2027-08-30,2028-08-27,515,"2027/2028"
"France","0-2mo",2026-08-31,2027-08-29,15407,"2026/2027"
"France","1-4",2026-08-31,2027-08-29,8242,"2026/2027"
"France","18-59",2026-08-31,2027-08-29,2194,"2026/2027"
"France","3-5mo",2026-08-31,2027-08-29,7459,"2026/2027"
"France","5-17",2026-08-31,2027-08-29,690,"2026/2027"
"France","6-11mo",2026-08-31,2027-08-29,7904,"2026/2027"
"France","60-64",2026-08-31,2027-08-29,1252,"2026/2027"
"France","65-69",2026-08-31,2027-08-29,1863,"2026/2027"
"France","70-74",2026-08-31,2027-08-29,2799,"2026/2027"
"France","75-79",2026-08-31,2027-08-29,3764,"2026/2027"
"France","80+",2026-08-31,2027-08-29,13771,"2026/2027"
"France","0-2mo",2027-08-30,2028-08-27,15407,"2027/2028"
"France","1-4",2027-08-30,2028-08-27,8242,"2027/2028"
"France","18-59",2027-08-30,2028-08-27,2194,"2027/2028"
"France","3-5mo",2027-08-30,2028-08-27,7459,"2027/2028"
"France","5-17",2027-08-30,2028-08-27,690,"2027/2028"
"France","6-11mo",2027-08-30,2028-08-27,7904,"2027/2028"
"France","60-64",2027-08-30,2028-08-27,1252,"2027/2028"
"France","65-69",2027-08-30,2028-08-27,1863,"2027/2028"
"France","70-74",2027-08-30,2028-08-27,2799,"2027/2028"
"France","75-79",2027-08-30,2028-08-27,3764,"2027/2028"
"France","80+",2027-08-30,2028-08-27,13771,"2027/2028"
"Germany","0-2mo",2026-08-31,2027-08-29,12643,"2026/2027"
"Germany","1-4",2026-08-31,2027-08-29,9374,"2026/2027"
"Germany","18-59",2026-08-31,2027-08-29,2277,"2026/2027"
"Germany","3-5mo",2026-08-31,2027-08-29,6179,"2026/2027"
"Germany","5-17",2026-08-31,2027-08-29,505,"2026/2027"
"Germany","6-11mo",2026-08-31,2027-08-29,5927,"2026/2027"
"Germany","60-64",2026-08-31,2027-08-29,1561,"2026/2027"
"Germany","65-69",2026-08-31,2027-08-29,2145,"2026/2027"
"Germany","70-74",2026-08-31,2027-08-29,3041,"2026/2027"
"Germany","75-79",2026-08-31,2027-08-29,3395,"2026/2027"
"Germany","80+",2026-08-31,2027-08-29,16354,"2026/2027"
"Germany","0-2mo",2027-08-30,2028-08-27,12643,"2027/2028"
"Germany","1-4",2027-08-30,2028-08-27,9374,"2027/2028"
"Germany","18-59",2027-08-30,2028-08-27,2277,"2027/2028"
"Germany","3-5mo",2027-08-30,2028-08-27,6179,"2027/2028"
"Germany","5-17",2027-08-30,2028-08-27,505,"2027/2028"
"Germany","6-11mo",2027-08-30,2028-08-27,5927,"2027/2028"
"Germany","60-64",2027-08-30,2028-08-27,1561,"2027/2028"
"Germany","65-69",2027-08-30,2028-08-27,2145,"2027/2028"
"Germany","70-74",2027-08-30,2028-08-27,3041,"2027/2028"
"Germany","75-79",2027-08-30,2028-08-27,3395,"2027/2028"
"Germany","80+",2027-08-30,2028-08-27,16354,"2027/2028"
"Greece","0-2mo",2026-08-31,2027-08-29,1461,"2026/2027"
"Greece","1-4",2026-08-31,2027-08-29,844,"2026/2027"
"Greece","18-59",2026-08-31,2027-08-29,319,"2026/2027"
"Greece","3-5mo",2026-08-31,2027-08-29,685,"2026/2027"
"Greece","5-17",2026-08-31,2027-08-29,69,"2026/2027"
"Greece","6-11mo",2026-08-31,2027-08-29,633,"2026/2027"
"Greece","60-64",2026-08-31,2027-08-29,209,"2026/2027"
"Greece","65-69",2026-08-31,2027-08-29,305,"2026/2027"
"Greece","70-74",2026-08-31,2027-08-29,417,"2026/2027"
"Greece","75-79",2026-08-31,2027-08-29,619,"2026/2027"
"Greece","80+",2026-08-31,2027-08-29,2486,"2026/2027"
"Greece","0-2mo",2027-08-30,2028-08-27,1461,"2027/2028"
"Greece","1-4",2027-08-30,2028-08-27,844,"2027/2028"
"Greece","18-59",2027-08-30,2028-08-27,319,"2027/2028"
"Greece","3-5mo",2027-08-30,2028-08-27,685,"2027/2028"
"Greece","5-17",2027-08-30,2028-08-27,69,"2027/2028"
"Greece","6-11mo",2027-08-30,2028-08-27,633,"2027/2028"
"Greece","60-64",2027-08-30,2028-08-27,209,"2027/2028"
"Greece","65-69",2027-08-30,2028-08-27,305,"2027/2028"
"Greece","70-74",2027-08-30,2028-08-27,417,"2027/2028"
"Greece","75-79",2027-08-30,2028-08-27,619,"2027/2028"
"Greece","80+",2027-08-30,2028-08-27,2486,"2027/2028"
"Hungary","0-2mo",2026-08-31,2027-08-29,1567,"2026/2027"
"Hungary","1-4",2026-08-31,2027-08-29,1157,"2026/2027"
"Hungary","18-59",2026-08-31,2027-08-29,339,"2026/2027"
"Hungary","3-5mo",2026-08-31,2027-08-29,805,"2026/2027"
"Hungary","5-17",2026-08-31,2027-08-29,84,"2026/2027"
"Hungary","6-11mo",2026-08-31,2027-08-29,787,"2026/2027"
"Hungary","60-64",2026-08-31,2027-08-29,173,"2026/2027"
"Hungary","65-69",2026-08-31,2027-08-29,286,"2026/2027"
"Hungary","70-74",2026-08-31,2027-08-29,463,"2026/2027"
"Hungary","75-79",2026-08-31,2027-08-29,466,"2026/2027"
"Hungary","80+",2026-08-31,2027-08-29,1367,"2026/2027"
"Hungary","0-2mo",2027-08-30,2028-08-27,1567,"2027/2028"
"Hungary","1-4",2027-08-30,2028-08-27,1157,"2027/2028"
"Hungary","18-59",2027-08-30,2028-08-27,339,"2027/2028"
"Hungary","3-5mo",2027-08-30,2028-08-27,805,"2027/2028"
"Hungary","5-17",2027-08-30,2028-08-27,84,"2027/2028"
"Hungary","6-11mo",2027-08-30,2028-08-27,787,"2027/2028"
"Hungary","60-64",2027-08-30,2028-08-27,173,"2027/2028"
"Hungary","65-69",2027-08-30,2028-08-27,286,"2027/2028"
"Hungary","70-74",2027-08-30,2028-08-27,463,"2027/2028"
"Hungary","75-79",2027-08-30,2028-08-27,466,"2027/2028"
"Hungary","80+",2027-08-30,2028-08-27,1367,"2027/2028"
"Ireland","0-2mo",2026-08-31,2027-08-29,955,"2026/2027"
"Ireland","1-4",2026-08-31,2027-08-29,996,"2026/2027"
"Ireland","18-59",2026-08-31,2027-08-29,302,"2026/2027"
"Ireland","3-5mo",2026-08-31,2027-08-29,692,"2026/2027"
"Ireland","5-17",2026-08-31,2027-08-29,85,"2026/2027"
"Ireland","6-11mo",2026-08-31,2027-08-29,669,"2026/2027"
"Ireland","60-64",2026-08-31,2027-08-29,128,"2026/2027"
"Ireland","65-69",2026-08-31,2027-08-29,174,"2026/2027"
"Ireland","70-74",2026-08-31,2027-08-29,247,"2026/2027"
"Ireland","75-79",2026-08-31,2027-08-29,278,"2026/2027"
"Ireland","80+",2026-08-31,2027-08-29,739,"2026/2027"
"Ireland","0-2mo",2027-08-30,2028-08-27,955,"2027/2028"
"Ireland","1-4",2027-08-30,2028-08-27,996,"2027/2028"
"Ireland","18-59",2027-08-30,2028-08-27,302,"2027/2028"
"Ireland","3-5mo",2027-08-30,2028-08-27,692,"2027/2028"
"Ireland","5-17",2027-08-30,2028-08-27,85,"2027/2028"
"Ireland","6-11mo",2027-08-30,2028-08-27,669,"2027/2028"
"Ireland","60-64",2027-08-30,2028-08-27,128,"2027/2028"
"Ireland","65-69",2027-08-30,2028-08-27,174,"2027/2028"
"Ireland","70-74",2027-08-30,2028-08-27,247,"2027/2028"
"Ireland","75-79",2027-08-30,2028-08-27,278,"2027/2028"
"Ireland","80+",2027-08-30,2028-08-27,739,"2027/2028"
"Italy","0-2mo",2026-08-31,2027-08-29,7612,"2026/2027"
"Italy","1-4",2026-08-31,2027-08-29,4134,"2026/2027"
"Italy","18-59",2026-08-31,2027-08-29,1949,"2026/2027"
"Italy","3-5mo",2026-08-31,2027-08-29,3581,"2026/2027"
"Italy","5-17",2026-08-31,2027-08-29,430,"2026/2027"
"Italy","6-11mo",2026-08-31,2027-08-29,3425,"2026/2027"
"Italy","60-64",2026-08-31,2027-08-29,1167,"2026/2027"
"Italy","65-69",2026-08-31,2027-08-29,1569,"2026/2027"
"Italy","70-74",2026-08-31,2027-08-29,2223,"2026/2027"
"Italy","75-79",2026-08-31,2027-08-29,3323,"2026/2027"
"Italy","80+",2026-08-31,2027-08-29,12584,"2026/2027"
"Italy","0-2mo",2027-08-30,2028-08-27,7612,"2027/2028"
"Italy","1-4",2027-08-30,2028-08-27,4134,"2027/2028"
"Italy","18-59",2027-08-30,2028-08-27,1949,"2027/2028"
"Italy","3-5mo",2027-08-30,2028-08-27,3581,"2027/2028"
"Italy","5-17",2027-08-30,2028-08-27,430,"2027/2028"
"Italy","6-11mo",2027-08-30,2028-08-27,3425,"2027/2028"
"Italy","60-64",2027-08-30,2028-08-27,1167,"2027/2028"
"Italy","65-69",2027-08-30,2028-08-27,1569,"2027/2028"
"Italy","70-74",2027-08-30,2028-08-27,2223,"2027/2028"
"Italy","75-79",2027-08-30,2028-08-27,3323,"2027/2028"
"Italy","80+",2027-08-30,2028-08-27,12584,"2027/2028"
"Latvia","0-2mo",2026-08-31,2027-08-29,246,"2026/2027"
"Latvia","1-4",2026-08-31,2027-08-29,176,"2026/2027"
"Latvia","18-59",2026-08-31,2027-08-29,46,"2026/2027"
"Latvia","3-5mo",2026-08-31,2027-08-29,133,"2026/2027"
"Latvia","5-17",2026-08-31,2027-08-29,11,"2026/2027"
"Latvia","6-11mo",2026-08-31,2027-08-29,103,"2026/2027"
"Latvia","60-64",2026-08-31,2027-08-29,38,"2026/2027"
"Latvia","65-69",2026-08-31,2027-08-29,40,"2026/2027"
"Latvia","70-74",2026-08-31,2027-08-29,70,"2026/2027"
"Latvia","75-79",2026-08-31,2027-08-29,106,"2026/2027"
"Latvia","80+",2026-08-31,2027-08-29,398,"2026/2027"
"Latvia","0-2mo",2027-08-30,2028-08-27,246,"2027/2028"
"Latvia","1-4",2027-08-30,2028-08-27,176,"2027/2028"
"Latvia","18-59",2027-08-30,2028-08-27,46,"2027/2028"
"Latvia","3-5mo",2027-08-30,2028-08-27,133,"2027/2028"
"Latvia","5-17",2027-08-30,2028-08-27,11,"2027/2028"
"Latvia","6-11mo",2027-08-30,2028-08-27,103,"2027/2028"
"Latvia","60-64",2027-08-30,2028-08-27,38,"2027/2028"
"Latvia","65-69",2027-08-30,2028-08-27,40,"2027/2028"
"Latvia","70-74",2027-08-30,2028-08-27,70,"2027/2028"
"Latvia","75-79",2027-08-30,2028-08-27,106,"2027/2028"
"Latvia","80+",2027-08-30,2028-08-27,398,"2027/2028"
"Lithuania","0-2mo",2026-08-31,2027-08-29,342,"2026/2027"
"Lithuania","1-4",2026-08-31,2027-08-29,227,"2026/2027"
"Lithuania","18-59",2026-08-31,2027-08-29,74,"2026/2027"
"Lithuania","3-5mo",2026-08-31,2027-08-29,162,"2026/2027"
"Lithuania","5-17",2026-08-31,2027-08-29,17,"2026/2027"
"Lithuania","6-11mo",2026-08-31,2027-08-29,171,"2026/2027"
"Lithuania","60-64",2026-08-31,2027-08-29,61,"2026/2027"
"Lithuania","65-69",2026-08-31,2027-08-29,79,"2026/2027"
"Lithuania","70-74",2026-08-31,2027-08-29,116,"2026/2027"
"Lithuania","75-79",2026-08-31,2027-08-29,120,"2026/2027"
"Lithuania","80+",2026-08-31,2027-08-29,585,"2026/2027"
"Lithuania","0-2mo",2027-08-30,2028-08-27,342,"2027/2028"
"Lithuania","1-4",2027-08-30,2028-08-27,227,"2027/2028"
"Lithuania","18-59",2027-08-30,2028-08-27,74,"2027/2028"
"Lithuania","3-5mo",2027-08-30,2028-08-27,162,"2027/2028"
"Lithuania","5-17",2027-08-30,2028-08-27,17,"2027/2028"
"Lithuania","6-11mo",2027-08-30,2028-08-27,171,"2027/2028"
"Lithuania","60-64",2027-08-30,2028-08-27,61,"2027/2028"
"Lithuania","65-69",2027-08-30,2028-08-27,79,"2027/2028"
"Lithuania","70-74",2027-08-30,2028-08-27,116,"2027/2028"
"Lithuania","75-79",2027-08-30,2028-08-27,120,"2027/2028"
"Lithuania","80+",2027-08-30,2028-08-27,585,"2027/2028"
"Luxembourg","0-2mo",2026-08-31,2027-08-29,109,"2026/2027"
"Luxembourg","1-4",2026-08-31,2027-08-29,68,"2026/2027"
"Luxembourg","18-59",2026-08-31,2027-08-29,40,"2026/2027"
"Luxembourg","3-5mo",2026-08-31,2027-08-29,54,"2026/2027"
"Luxembourg","5-17",2026-08-31,2027-08-29,7,"2026/2027"
"Luxembourg","6-11mo",2026-08-31,2027-08-29,39,"2026/2027"
"Luxembourg","60-64",2026-08-31,2027-08-29,20,"2026/2027"
"Luxembourg","65-69",2026-08-31,2027-08-29,24,"2026/2027"
"Luxembourg","70-74",2026-08-31,2027-08-29,33,"2026/2027"
"Luxembourg","75-79",2026-08-31,2027-08-29,22,"2026/2027"
"Luxembourg","80+",2026-08-31,2027-08-29,99,"2026/2027"
"Luxembourg","0-2mo",2027-08-30,2028-08-27,109,"2027/2028"
"Luxembourg","1-4",2027-08-30,2028-08-27,68,"2027/2028"
"Luxembourg","18-59",2027-08-30,2028-08-27,40,"2027/2028"
"Luxembourg","3-5mo",2027-08-30,2028-08-27,54,"2027/2028"
"Luxembourg","5-17",2027-08-30,2028-08-27,7,"2027/2028"
"Luxembourg","6-11mo",2027-08-30,2028-08-27,39,"2027/2028"
"Luxembourg","60-64",2027-08-30,2028-08-27,20,"2027/2028"
"Luxembourg","65-69",2027-08-30,2028-08-27,24,"2027/2028"
"Luxembourg","70-74",2027-08-30,2028-08-27,33,"2027/2028"
"Luxembourg","75-79",2027-08-30,2028-08-27,22,"2027/2028"
"Luxembourg","80+",2027-08-30,2028-08-27,99,"2027/2028"
"Malta","0-2mo",2026-08-31,2027-08-29,69,"2026/2027"
"Malta","1-4",2026-08-31,2027-08-29,50,"2026/2027"
"Malta","18-59",2026-08-31,2027-08-29,21,"2026/2027"
"Malta","3-5mo",2026-08-31,2027-08-29,33,"2026/2027"
"Malta","5-17",2026-08-31,2027-08-29,7,"2026/2027"
"Malta","6-11mo",2026-08-31,2027-08-29,46,"2026/2027"
"Malta","60-64",2026-08-31,2027-08-29,6,"2026/2027"
"Malta","65-69",2026-08-31,2027-08-29,16,"2026/2027"
"Malta","70-74",2026-08-31,2027-08-29,25,"2026/2027"
"Malta","75-79",2026-08-31,2027-08-29,25,"2026/2027"
"Malta","80+",2026-08-31,2027-08-29,87,"2026/2027"
"Malta","0-2mo",2027-08-30,2028-08-27,69,"2027/2028"
"Malta","1-4",2027-08-30,2028-08-27,50,"2027/2028"
"Malta","18-59",2027-08-30,2028-08-27,21,"2027/2028"
"Malta","3-5mo",2027-08-30,2028-08-27,33,"2027/2028"
"Malta","5-17",2027-08-30,2028-08-27,7,"2027/2028"
"Malta","6-11mo",2027-08-30,2028-08-27,46,"2027/2028"
"Malta","60-64",2027-08-30,2028-08-27,6,"2027/2028"
"Malta","65-69",2027-08-30,2028-08-27,16,"2027/2028"
"Malta","70-74",2027-08-30,2028-08-27,25,"2027/2028"
"Malta","75-79",2027-08-30,2028-08-27,25,"2027/2028"
"Malta","80+",2027-08-30,2028-08-27,87,"2027/2028"
"Netherlands","0-2mo",2026-08-31,2027-08-29,2080,"2026/2027"
"Netherlands","1-4",2026-08-31,2027-08-29,1028,"2026/2027"
"Netherlands","18-59",2026-08-31,2027-08-29,589,"2026/2027"
"Netherlands","3-5mo",2026-08-31,2027-08-29,804,"2026/2027"
"Netherlands","5-17",2026-08-31,2027-08-29,144,"2026/2027"
"Netherlands","6-11mo",2026-08-31,2027-08-29,686,"2026/2027"
"Netherlands","60-64",2026-08-31,2027-08-29,345,"2026/2027"
"Netherlands","65-69",2026-08-31,2027-08-29,503,"2026/2027"
"Netherlands","70-74",2026-08-31,2027-08-29,691,"2026/2027"
"Netherlands","75-79",2026-08-31,2027-08-29,970,"2026/2027"
"Netherlands","80+",2026-08-31,2027-08-29,2431,"2026/2027"
"Netherlands","0-2mo",2027-08-30,2028-08-27,2080,"2027/2028"
"Netherlands","1-4",2027-08-30,2028-08-27,1028,"2027/2028"
"Netherlands","18-59",2027-08-30,2028-08-27,589,"2027/2028"
"Netherlands","3-5mo",2027-08-30,2028-08-27,804,"2027/2028"
"Netherlands","5-17",2027-08-30,2028-08-27,144,"2027/2028"
"Netherlands","6-11mo",2027-08-30,2028-08-27,686,"2027/2028"
"Netherlands","60-64",2027-08-30,2028-08-27,345,"2027/2028"
"Netherlands","65-69",2027-08-30,2028-08-27,503,"2027/2028"
"Netherlands","70-74",2027-08-30,2028-08-27,691,"2027/2028"
"Netherlands","75-79",2027-08-30,2028-08-27,970,"2027/2028"
"Netherlands","80+",2027-08-30,2028-08-27,2431,"2027/2028"
"Norway","0-2mo",2026-08-31,2027-08-29,809,"2026/2027"
"Norway","1-4",2026-08-31,2027-08-29,778,"2026/2027"
"Norway","18-59",2026-08-31,2027-08-29,239,"2026/2027"
"Norway","3-5mo",2026-08-31,2027-08-29,486,"2026/2027"
"Norway","5-17",2026-08-31,2027-08-29,85,"2026/2027"
"Norway","6-11mo",2026-08-31,2027-08-29,382,"2026/2027"
"Norway","60-64",2026-08-31,2027-08-29,130,"2026/2027"
"Norway","65-69",2026-08-31,2027-08-29,188,"2026/2027"
"Norway","70-74",2026-08-31,2027-08-29,293,"2026/2027"
"Norway","75-79",2026-08-31,2027-08-29,371,"2026/2027"
"Norway","80+",2026-08-31,2027-08-29,1052,"2026/2027"
"Norway","0-2mo",2027-08-30,2028-08-27,809,"2027/2028"
"Norway","1-4",2027-08-30,2028-08-27,778,"2027/2028"
"Norway","18-59",2027-08-30,2028-08-27,239,"2027/2028"
"Norway","3-5mo",2027-08-30,2028-08-27,486,"2027/2028"
"Norway","5-17",2027-08-30,2028-08-27,85,"2027/2028"
"Norway","6-11mo",2027-08-30,2028-08-27,382,"2027/2028"
"Norway","60-64",2027-08-30,2028-08-27,130,"2027/2028"
"Norway","65-69",2027-08-30,2028-08-27,188,"2027/2028"
"Norway","70-74",2027-08-30,2028-08-27,293,"2027/2028"
"Norway","75-79",2027-08-30,2028-08-27,371,"2027/2028"
"Norway","80+",2027-08-30,2028-08-27,1052,"2027/2028"
"Poland","0-2mo",2026-08-31,2027-08-29,4531,"2026/2027"
"Poland","1-4",2026-08-31,2027-08-29,3474,"2026/2027"
"Poland","18-59",2026-08-31,2027-08-29,1211,"2026/2027"
"Poland","3-5mo",2026-08-31,2027-08-29,2136,"2026/2027"
"Poland","5-17",2026-08-31,2027-08-29,285,"2026/2027"
"Poland","6-11mo",2026-08-31,2027-08-29,2023,"2026/2027"
"Poland","60-64",2026-08-31,2027-08-29,703,"2026/2027"
"Poland","65-69",2026-08-31,2027-08-29,1307,"2026/2027"
"Poland","70-74",2026-08-31,2027-08-29,1816,"2026/2027"
"Poland","75-79",2026-08-31,2027-08-29,2027,"2026/2027"
"Poland","80+",2026-08-31,2027-08-29,5745,"2026/2027"
"Poland","0-2mo",2027-08-30,2028-08-27,4531,"2027/2028"
"Poland","1-4",2027-08-30,2028-08-27,3474,"2027/2028"
"Poland","18-59",2027-08-30,2028-08-27,1211,"2027/2028"
"Poland","3-5mo",2027-08-30,2028-08-27,2136,"2027/2028"
"Poland","5-17",2027-08-30,2028-08-27,285,"2027/2028"
"Poland","6-11mo",2027-08-30,2028-08-27,2023,"2027/2028"
"Poland","60-64",2027-08-30,2028-08-27,703,"2027/2028"
"Poland","65-69",2027-08-30,2028-08-27,1307,"2027/2028"
"Poland","70-74",2027-08-30,2028-08-27,1816,"2027/2028"
"Poland","75-79",2027-08-30,2028-08-27,2027,"2027/2028"
"Poland","80+",2027-08-30,2028-08-27,5745,"2027/2028"
"Portugal","0-2mo",2026-08-31,2027-08-29,1556,"2026/2027"
"Portugal","1-4",2026-08-31,2027-08-29,962,"2026/2027"
"Portugal","18-59",2026-08-31,2027-08-29,333,"2026/2027"
"Portugal","3-5mo",2026-08-31,2027-08-29,649,"2026/2027"
"Portugal","5-17",2026-08-31,2027-08-29,67,"2026/2027"
"Portugal","6-11mo",2026-08-31,2027-08-29,638,"2026/2027"
"Portugal","60-64",2026-08-31,2027-08-29,210,"2026/2027"
"Portugal","65-69",2026-08-31,2027-08-29,297,"2026/2027"
"Portugal","70-74",2026-08-31,2027-08-29,500,"2026/2027"
"Portugal","75-79",2026-08-31,2027-08-29,660,"2026/2027"
"Portugal","80+",2026-08-31,2027-08-29,2485,"2026/2027"
"Portugal","0-2mo",2027-08-30,2028-08-27,1556,"2027/2028"
"Portugal","1-4",2027-08-30,2028-08-27,962,"2027/2028"
"Portugal","18-59",2027-08-30,2028-08-27,333,"2027/2028"
"Portugal","3-5mo",2027-08-30,2028-08-27,649,"2027/2028"
"Portugal","5-17",2027-08-30,2028-08-27,67,"2027/2028"
"Portugal","6-11mo",2027-08-30,2028-08-27,638,"2027/2028"
"Portugal","60-64",2027-08-30,2028-08-27,210,"2027/2028"
"Portugal","65-69",2027-08-30,2028-08-27,297,"2027/2028"
"Portugal","70-74",2027-08-30,2028-08-27,500,"2027/2028"
"Portugal","75-79",2027-08-30,2028-08-27,660,"2027/2028"
"Portugal","80+",2027-08-30,2028-08-27,2485,"2027/2028"
"Romania","0-2mo",2026-08-31,2027-08-29,2606,"2026/2027"
"Romania","1-4",2026-08-31,2027-08-29,1828,"2026/2027"
"Romania","18-59",2026-08-31,2027-08-29,878,"2026/2027"
"Romania","3-5mo",2026-08-31,2027-08-29,1262,"2026/2027"
"Romania","5-17",2026-08-31,2027-08-29,241,"2026/2027"
"Romania","6-11mo",2026-08-31,2027-08-29,1328,"2026/2027"
"Romania","60-64",2026-08-31,2027-08-29,449,"2026/2027"
"Romania","65-69",2026-08-31,2027-08-29,792,"2026/2027"
"Romania","70-74",2026-08-31,2027-08-29,1050,"2026/2027"
"Romania","75-79",2026-08-31,2027-08-29,1143,"2026/2027"
"Romania","80+",2026-08-31,2027-08-29,3296,"2026/2027"
"Romania","0-2mo",2027-08-30,2028-08-27,2606,"2027/2028"
"Romania","1-4",2027-08-30,2028-08-27,1828,"2027/2028"
"Romania","18-59",2027-08-30,2028-08-27,878,"2027/2028"
"Romania","3-5mo",2027-08-30,2028-08-27,1262,"2027/2028"
"Romania","5-17",2027-08-30,2028-08-27,241,"2027/2028"
"Romania","6-11mo",2027-08-30,2028-08-27,1328,"2027/2028"
"Romania","60-64",2027-08-30,2028-08-27,449,"2027/2028"
"Romania","65-69",2027-08-30,2028-08-27,792,"2027/2028"
"Romania","70-74",2027-08-30,2028-08-27,1050,"2027/2028"
"Romania","75-79",2027-08-30,2028-08-27,1143,"2027/2028"
"Romania","80+",2027-08-30,2028-08-27,3296,"2027/2028"
"Slovakia","0-2mo",2026-08-31,2027-08-29,888,"2026/2027"
"Slovakia","1-4",2026-08-31,2027-08-29,622,"2026/2027"
"Slovakia","18-59",2026-08-31,2027-08-29,176,"2026/2027"
"Slovakia","3-5mo",2026-08-31,2027-08-29,447,"2026/2027"
"Slovakia","5-17",2026-08-31,2027-08-29,51,"2026/2027"
"Slovakia","6-11mo",2026-08-31,2027-08-29,461,"2026/2027"
"Slovakia","60-64",2026-08-31,2027-08-29,134,"2026/2027"
"Slovakia","65-69",2026-08-31,2027-08-29,197,"2026/2027"
"Slovakia","70-74",2026-08-31,2027-08-29,292,"2026/2027"
"Slovakia","75-79",2026-08-31,2027-08-29,290,"2026/2027"
"Slovakia","80+",2026-08-31,2027-08-29,743,"2026/2027"
"Slovakia","0-2mo",2027-08-30,2028-08-27,888,"2027/2028"
"Slovakia","1-4",2027-08-30,2028-08-27,622,"2027/2028"
"Slovakia","18-59",2027-08-30,2028-08-27,176,"2027/2028"
"Slovakia","3-5mo",2027-08-30,2028-08-27,447,"2027/2028"
"Slovakia","5-17",2027-08-30,2028-08-27,51,"2027/2028"
"Slovakia","6-11mo",2027-08-30,2028-08-27,461,"2027/2028"
"Slovakia","60-64",2027-08-30,2028-08-27,134,"2027/2028"
"Slovakia","65-69",2027-08-30,2028-08-27,197,"2027/2028"
"Slovakia","70-74",2027-08-30,2028-08-27,292,"2027/2028"
"Slovakia","75-79",2027-08-30,2028-08-27,290,"2027/2028"
"Slovakia","80+",2027-08-30,2028-08-27,743,"2027/2028"
"Slovenia","0-2mo",2026-08-31,2027-08-29,351,"2026/2027"
"Slovenia","1-4",2026-08-31,2027-08-29,220,"2026/2027"
"Slovenia","18-59",2026-08-31,2027-08-29,51,"2026/2027"
"Slovenia","3-5mo",2026-08-31,2027-08-29,168,"2026/2027"
"Slovenia","5-17",2026-08-31,2027-08-29,13,"2026/2027"
"Slovenia","6-11mo",2026-08-31,2027-08-29,162,"2026/2027"
"Slovenia","60-64",2026-08-31,2027-08-29,38,"2026/2027"
"Slovenia","65-69",2026-08-31,2027-08-29,49,"2026/2027"
"Slovenia","70-74",2026-08-31,2027-08-29,88,"2026/2027"
"Slovenia","75-79",2026-08-31,2027-08-29,87,"2026/2027"
"Slovenia","80+",2026-08-31,2027-08-29,319,"2026/2027"
"Slovenia","0-2mo",2027-08-30,2028-08-27,351,"2027/2028"
"Slovenia","1-4",2027-08-30,2028-08-27,220,"2027/2028"
"Slovenia","18-59",2027-08-30,2028-08-27,51,"2027/2028"
"Slovenia","3-5mo",2027-08-30,2028-08-27,168,"2027/2028"
"Slovenia","5-17",2027-08-30,2028-08-27,13,"2027/2028"
"Slovenia","6-11mo",2027-08-30,2028-08-27,162,"2027/2028"
"Slovenia","60-64",2027-08-30,2028-08-27,38,"2027/2028"
"Slovenia","65-69",2027-08-30,2028-08-27,49,"2027/2028"
"Slovenia","70-74",2027-08-30,2028-08-27,88,"2027/2028"
"Slovenia","75-79",2027-08-30,2028-08-27,87,"2027/2028"
"Slovenia","80+",2027-08-30,2028-08-27,319,"2027/2028"
"Spain","0-2mo",2026-08-31,2027-08-29,5444,"2026/2027"
"Spain","1-4",2026-08-31,2027-08-29,2597,"2026/2027"
"Spain","18-59",2026-08-31,2027-08-29,1339,"2026/2027"
"Spain","3-5mo",2026-08-31,2027-08-29,2481,"2026/2027"
"Spain","5-17",2026-08-31,2027-08-29,312,"2026/2027"
"Spain","6-11mo",2026-08-31,2027-08-29,2652,"2026/2027"
"Spain","60-64",2026-08-31,2027-08-29,827,"2026/2027"
"Spain","65-69",2026-08-31,2027-08-29,1102,"2026/2027"
"Spain","70-74",2026-08-31,2027-08-29,1544,"2026/2027"
"Spain","75-79",2026-08-31,2027-08-29,2161,"2026/2027"
"Spain","80+",2026-08-31,2027-08-29,8475,"2026/2027"
"Spain","0-2mo",2027-08-30,2028-08-27,5444,"2027/2028"
"Spain","1-4",2027-08-30,2028-08-27,2597,"2027/2028"
"Spain","18-59",2027-08-30,2028-08-27,1339,"2027/2028"
"Spain","3-5mo",2027-08-30,2028-08-27,2481,"2027/2028"
"Spain","5-17",2027-08-30,2028-08-27,312,"2027/2028"
"Spain","6-11mo",2027-08-30,2028-08-27,2652,"2027/2028"
"Spain","60-64",2027-08-30,2028-08-27,827,"2027/2028"
"Spain","65-69",2027-08-30,2028-08-27,1102,"2027/2028"
"Spain","70-74",2027-08-30,2028-08-27,1544,"2027/2028"
"Spain","75-79",2027-08-30,2028-08-27,2161,"2027/2028"
"Spain","80+",2027-08-30,2028-08-27,8475,"2027/2028"
"Sweden","0-2mo",2026-08-31,2027-08-29,1624,"2026/2027"
"Sweden","1-4",2026-08-31,2027-08-29,1406,"2026/2027"
"Sweden","18-59",2026-08-31,2027-08-29,381,"2026/2027"
"Sweden","3-5mo",2026-08-31,2027-08-29,970,"2026/2027"
"Sweden","5-17",2026-08-31,2027-08-29,94,"2026/2027"
"Sweden","6-11mo",2026-08-31,2027-08-29,764,"2026/2027"
"Sweden","60-64",2026-08-31,2027-08-29,189,"2026/2027"
"Sweden","65-69",2026-08-31,2027-08-29,285,"2026/2027"
"Sweden","70-74",2026-08-31,2027-08-29,427,"2026/2027"
"Sweden","75-79",2026-08-31,2027-08-29,635,"2026/2027"
"Sweden","80+",2026-08-31,2027-08-29,1656,"2026/2027"
"Sweden","0-2mo",2027-08-30,2028-08-27,1624,"2027/2028"
"Sweden","1-4",2027-08-30,2028-08-27,1406,"2027/2028"
"Sweden","18-59",2027-08-30,2028-08-27,381,"2027/2028"
"Sweden","3-5mo",2027-08-30,2028-08-27,970,"2027/2028"
"Sweden","5-17",2027-08-30,2028-08-27,94,"2027/2028"
"Sweden","6-11mo",2027-08-30,2028-08-27,764,"2027/2028"
"Sweden","60-64",2027-08-30,2028-08-27,189,"2027/2028"
"Sweden","65-69",2027-08-30,2028-08-27,285,"2027/2028"
"Sweden","70-74",2027-08-30,2028-08-27,427,"2027/2028"
"Sweden","75-79",2027-08-30,2028-08-27,635,"2027/2028"
"Sweden","80+",2027-08-30,2028-08-27,1656,"2027/2028"
