"country","date","month","year","births"
"AT",2026-09-01,"September",2026,6734
"AT",2026-10-01,"October",2026,6682
"AT",2026-11-01,"November",2026,6143
"AT",2026-12-01,"December",2026,6085
"AT",2027-01-01,"January",2027,6360
"AT",2027-02-01,"February",2027,5529
"AT",2027-03-01,"March",2027,6117
"AT",2027-04-01,"April",2027,6072
"AT",2027-05-01,"May",2027,6395
"AT",2027-06-01,"June",2027,6299
"AT",2027-07-01,"July",2027,7091
"AT",2027-08-01,"August",2027,6701
"AT",2027-09-01,"September",2027,6734
"AT",2027-10-01,"October",2027,6682
"AT",2027-11-01,"November",2027,6143
"AT",2027-12-01,"December",2027,6085
"AT",2028-01-01,"January",2028,6360
"AT",2028-02-01,"February",2028,5529
"AT",2028-03-01,"March",2028,6117
"AT",2028-04-01,"April",2028,6072
"AT",2028-05-01,"May",2028,6395
"AT",2028-06-01,"June",2028,6299
"AT",2028-07-01,"July",2028,7091
"AT",2028-08-01,"August",2028,6701
"BE",2026-09-01,"September",2026,9061
"BE",2026-10-01,"October",2026,9302
"BE",2026-11-01,"November",2026,8515
"BE",2026-12-01,"December",2026,8718
"BE",2027-01-01,"January",2027,9501
"BE",2027-02-01,"February",2027,8332
"BE",2027-03-01,"March",2027,8784
"BE",2027-04-01,"April",2027,9130
"BE",2027-05-01,"May",2027,9079
"BE",2027-06-01,"June",2027,9133
"BE",2027-07-01,"July",2027,9946
"BE",2027-08-01,"August",2027,9554
"BE",2027-09-01,"September",2027,9061
"BE",2027-10-01,"October",2027,9302
"BE",2027-11-01,"November",2027,8515
"BE",2027-12-01,"December",2027,8718
"BE",2028-01-01,"January",2028,9501
"BE",2028-02-01,"February",2028,8332
"BE",2028-03-01,"March",2028,8784
"BE",2028-04-01,"April",2028,9130
"BE",2028-05-01,"May",2028,9079
"BE",2028-06-01,"June",2028,9133
"BE",2028-07-01,"July",2028,9946
"BE",2028-08-01,"August",2028,9554
"BG",2026-09-01,"September",2026,4314
"BG",2026-10-01,"October",2026,4168
"BG",2026-11-01,"November",2026,3918
"BG",2026-12-01,"December",2026,4059
"BG",2027-01-01,"January",2027,4646
"BG",2027-02-01,"February",2027,3908
"BG",2027-03-01,"March",2027,4160
"BG",2027-04-01,"April",2027,4084
"BG",2027-05-01,"May",2027,4329
"BG",2027-06-01,"June",2027,4422
"BG",2027-07-01,"July",2027,4720
"BG",2027-08-01,"August",2027,4381
"BG",2027-09-01,"September",2027,4314
"BG",2027-10-01,"October",2027,4168
"BG",2027-11-01,"November",2027,3918
"BG",2027-12-01,"December",2027,4059
"BG",2028-01-01,"January",2028,4646
"BG",2028-02-01,"February",2028,3908
"BG",2028-03-01,"March",2028,4160
"BG",2028-04-01,"April",2028,4084
"BG",2028-05-01,"May",2028,4329
"BG",2028-06-01,"June",2028,4422
"BG",2028-07-01,"July",2028,4720
"BG",2028-08-01,"August",2028,4381
"CY",2026-09-01,"September",2026,838
"CY",2026-10-01,"October",2026,900
"CY",2026-11-01,"November",2026,853
"CY",2026-12-01,"December",2026,873
"CY",2027-01-01,"January",2027,824
"CY",2027-02-01,"February",2027,690
"CY",2027-03-01,"March",2027,711
"CY",2027-04-01,"April",2027,690
"CY",2027-05-01,"May",2027,706
"CY",2027-06-01,"June",2027,747
"CY",2027-07-01,"July",2027,868
"CY",2027-08-01,"August",2027,839
"CY",2027-09-01,"September",2027,838
"CY",2027-10-01,"October",2027,900
"CY",2027-11-01,"November",2027,853
"CY",2027-12-01,"December",2027,873
"CY",2028-01-01,"January",2028,824
"CY",2028-02-01,"February",2028,690
"CY",2028-03-01,"March",2028,711
"CY",2028-04-01,"April",2028,690
"CY",2028-05-01,"May",2028,706
"CY",2028-06-01,"June",2028,747
"CY",2028-07-01,"July",2028,868
"CY",2028-08-01,"August",2028,839
"CZ",2026-09-01,"September",2026,6949
"CZ",2026-10-01,"October",2026,6840
"CZ",2026-11-01,"November",2026,6462
"CZ",2026-12-01,"December",2026,6541
"CZ",2027-01-01,"January",2027,6586
"CZ",2027-02-01,"February",2027,5800
"CZ",2027-03-01,"March",2027,6253
"CZ",2027-04-01,"April",2027,6104
"CZ",2027-05-01,"May",2027,6268
"CZ",2027-06-01,"June",2027,6424
"CZ",2027-07-01,"July",2027,7648
"CZ",2027-08-01,"August",2027,7564
"CZ",2027-09-01,"September",2027,6949
"CZ",2027-10-01,"October",2027,6840
"CZ",2027-11-01,"November",2027,6462
"CZ",2027-12-01,"December",2027,6541
"CZ",2028-01-01,"January",2028,6586
"CZ",2028-02-01,"February",2028,5800
"CZ",2028-03-01,"March",2028,6253
"CZ",2028-04-01,"April",2028,6104
"CZ",2028-05-01,"May",2028,6268
"CZ",2028-06-01,"June",2028,6424
"CZ",2028-07-01,"July",2028,7648
"CZ",2028-08-01,"August",2028,7564
"DE",2026-09-01,"September",2026,59233
"DE",2026-10-01,"October",2026,58604
"DE",2026-11-01,"November",2026,55757
"DE",2026-12-01,"December",2026,54017
"DE",2027-01-01,"January",2027,54183
"DE",2027-02-01,"February",2027,48983
"DE",2027-03-01,"March",2027,53342
"DE",2027-04-01,"April",2027,51964
"DE",2027-05-01,"May",2027,54642
"DE",2027-06-01,"June",2027,53884
"DE",2027-07-01,"July",2027,59101
"DE",2027-08-01,"August",2027,59274
"DE",2027-09-01,"September",2027,59233
"DE",2027-10-01,"October",2027,58604
"DE",2027-11-01,"November",2027,55757
"DE",2027-12-01,"December",2027,54017
"DE",2028-01-01,"January",2028,54183
"DE",2028-02-01,"February",2028,48983
"DE",2028-03-01,"March",2028,53342
"DE",2028-04-01,"April",2028,51964
"DE",2028-05-01,"May",2028,54642
"DE",2028-06-01,"June",2028,53884
"DE",2028-07-01,"July",2028,59101
"DE",2028-08-01,"August",2028,59274
"DK",2026-09-01,"September",2026,5205
"DK",2026-10-01,"October",2026,4882
"DK",2026-11-01,"November",2026,4660
"DK",2026-12-01,"December",2026,4436
"DK",2027-01-01,"January",2027,4795
"DK",2027-02-01,"February",2027,4435
"DK",2027-03-01,"March",2027,4914
"DK",2027-04-01,"April",2027,4701
"DK",2027-05-01,"May",2027,5247
"DK",2027-06-01,"June",2027,5021
"DK",2027-07-01,"July",2027,5454
"DK",2027-08-01,"August",2027,5414
"DK",2027-09-01,"September",2027,5205
"DK",2027-10-01,"October",2027,4882
"DK",2027-11-01,"November",2027,4660
"DK",2027-12-01,"December",2027,4436
"DK",2028-01-01,"January",2028,4795
"DK",2028-02-01,"February",2028,4435
"DK",2028-03-01,"March",2028,4914
"DK",2028-04-01,"April",2028,4701
"DK",2028-05-01,"May",2028,5247
"DK",2028-06-01,"June",2028,5021
"DK",2028-07-01,"July",2028,5454
"DK",2028-08-01,"August",2028,5414
"EE",2026-09-01,"September",2026,794
"EE",2026-10-01,"October",2026,795
"EE",2026-11-01,"November",2026,766
"EE",2026-12-01,"December",2026,711
"EE",2027-01-01,"January",2027,719
"EE",2027-02-01,"February",2027,662
"EE",2027-03-01,"March",2027,805
"EE",2027-04-01,"April",2027,748
"EE",2027-05-01,"May",2027,784
"EE",2027-06-01,"June",2027,749
"EE",2027-07-01,"July",2027,867
"EE",2027-08-01,"August",2027,798
"EE",2027-09-01,"September",2027,794
"EE",2027-10-01,"October",2027,795
"EE",2027-11-01,"November",2027,766
"EE",2027-12-01,"December",2027,711
"EE",2028-01-01,"January",2028,719
"EE",2028-02-01,"February",2028,662
"EE",2028-03-01,"March",2028,805
"EE",2028-04-01,"April",2028,748
"EE",2028-05-01,"May",2028,784
"EE",2028-06-01,"June",2028,749
"EE",2028-07-01,"July",2028,867
"EE",2028-08-01,"August",2028,798
"EL",2026-09-01,"September",2026,5364
"EL",2026-10-01,"October",2026,6206
"EL",2026-11-01,"November",2026,5965
"EL",2026-12-01,"December",2026,5606
"EL",2027-01-01,"January",2027,5631
"EL",2027-02-01,"February",2027,5126
"EL",2027-03-01,"March",2027,5088
"EL",2027-04-01,"April",2027,4802
"EL",2027-05-01,"May",2027,5293
"EL",2027-06-01,"June",2027,5343
"EL",2027-07-01,"July",2027,6111
"EL",2027-08-01,"August",2027,5693
"EL",2027-09-01,"September",2027,5364
"EL",2027-10-01,"October",2027,6206
"EL",2027-11-01,"November",2027,5965
"EL",2027-12-01,"December",2027,5606
"EL",2028-01-01,"January",2028,5631
"EL",2028-02-01,"February",2028,5126
"EL",2028-03-01,"March",2028,5088
"EL",2028-04-01,"April",2028,4802
"EL",2028-05-01,"May",2028,5293
"EL",2028-06-01,"June",2028,5343
"EL",2028-07-01,"July",2028,6111
"EL",2028-08-01,"August",2028,5693
"ES",2026-09-01,"September",2026,28597
"ES",2026-10-01,"October",2026,28227
"ES",2026-11-01,"November",2026,26661
"ES",2026-12-01,"December",2026,26472
"ES",2027-01-01,"January",2027,26809
"ES",2027-02-01,"February",2027,24311
"ES",2027-03-01,"March",2027,26361
"ES",2027-04-01,"April",2027,25871
"ES",2027-05-01,"May",2027,25946
"ES",2027-06-01,"June",2027,25767
"ES",2027-07-01,"July",2027,27351
"ES",2027-08-01,"August",2027,27703
"ES",2027-09-01,"September",2027,28597
"ES",2027-10-01,"October",2027,28227
"ES",2027-11-01,"November",2027,26661
"ES",2027-12-01,"December",2027,26472
"ES",2028-01-01,"January",2028,26809
"ES",2028-02-01,"February",2028,24311
"ES",2028-03-01,"March",2028,26361
"ES",2028-04-01,"April",2028,25871
"ES",2028-05-01,"May",2028,25946
"ES",2028-06-01,"June",2028,25767
"ES",2028-07-01,"July",2028,27351
"ES",2028-08-01,"August",2028,27703
"FI",2026-09-01,"September",2026,3953
"FI",2026-10-01,"October",2026,4110
"FI",2026-11-01,"November",2026,3600
"FI",2026-12-01,"December",2026,3550
"FI",2027-01-01,"January",2027,3836
"FI",2027-02-01,"February",2027,3312
"FI",2027-03-01,"March",2027,3755
"FI",2027-04-01,"April",2027,3673
"FI",2027-05-01,"May",2027,3855
"FI",2027-06-01,"June",2027,3967
"FI",2027-07-01,"July",2027,4085
"FI",2027-08-01,"August",2027,4035
"FI",2027-09-01,"September",2027,3953
"FI",2027-10-01,"October",2027,4110
"FI",2027-11-01,"November",2027,3600
"FI",2027-12-01,"December",2027,3550
"FI",2028-01-01,"January",2028,3836
"FI",2028-02-01,"February",2028,3312
"FI",2028-03-01,"March",2028,3755
"FI",2028-04-01,"April",2028,3673
"FI",2028-05-01,"May",2028,3855
"FI",2028-06-01,"June",2028,3967
"FI",2028-07-01,"July",2028,4085
"FI",2028-08-01,"August",2028,4035
"FR",2026-09-01,"September",2026,53537
"FR",2026-10-01,"October",2026,55204
"FR",2026-11-01,"November",2026,53467
"FR",2026-12-01,"December",2026,54058
"FR",2027-01-01,"January",2027,54877
"FR",2027-02-01,"February",2027,49308
"FR",2027-03-01,"March",2027,53633
"FR",2027-04-01,"April",2027,51732
"FR",2027-05-01,"May",2027,53898
"FR",2027-06-01,"June",2027,54281
"FR",2027-07-01,"July",2027,57274
"FR",2027-08-01,"August",2027,55452
"FR",2027-09-01,"September",2027,53537
"FR",2027-10-01,"October",2027,55204
"FR",2027-11-01,"November",2027,53467
"FR",2027-12-01,"December",2027,54058
"FR",2028-01-01,"January",2028,54877
"FR",2028-02-01,"February",2028,49308
"FR",2028-03-01,"March",2028,53633
"FR",2028-04-01,"April",2028,51732
"FR",2028-05-01,"May",2028,53898
"FR",2028-06-01,"June",2028,54281
"FR",2028-07-01,"July",2028,57274
"FR",2028-08-01,"August",2028,55452
"HR",2026-09-01,"September",2026,3087
"HR",2026-10-01,"October",2026,3034
"HR",2026-11-01,"November",2026,2662
"HR",2026-12-01,"December",2026,2747
"HR",2027-01-01,"January",2027,2960
"HR",2027-02-01,"February",2027,2233
"HR",2027-03-01,"March",2027,2655
"HR",2027-04-01,"April",2027,2423
"HR",2027-05-01,"May",2027,2394
"HR",2027-06-01,"June",2027,2557
"HR",2027-07-01,"July",2027,2972
"HR",2027-08-01,"August",2027,2791
"HR",2027-09-01,"September",2027,3087
"HR",2027-10-01,"October",2027,3034
"HR",2027-11-01,"November",2027,2662
"HR",2027-12-01,"December",2027,2747
"HR",2028-01-01,"January",2028,2960
"HR",2028-02-01,"February",2028,2233
"HR",2028-03-01,"March",2028,2655
"HR",2028-04-01,"April",2028,2423
"HR",2028-05-01,"May",2028,2394
"HR",2028-06-01,"June",2028,2557
"HR",2028-07-01,"July",2028,2972
"HR",2028-08-01,"August",2028,2791
"HU",2026-09-01,"September",2026,6290
"HU",2026-10-01,"October",2026,6050
"HU",2026-11-01,"November",2026,6308
"HU",2026-12-01,"December",2026,6389
"HU",2027-01-01,"January",2027,6510
"HU",2027-02-01,"February",2027,5760
"HU",2027-03-01,"March",2027,6010
"HU",2027-04-01,"April",2027,5450
"HU",2027-05-01,"May",2027,5830
"HU",2027-06-01,"June",2027,6020
"HU",2027-07-01,"July",2027,6840
"HU",2027-08-01,"August",2027,6470
"HU",2027-09-01,"September",2027,6290
"HU",2027-10-01,"October",2027,6050
"HU",2027-11-01,"November",2027,6308
"HU",2027-12-01,"December",2027,6389
"HU",2028-01-01,"January",2028,6510
"HU",2028-02-01,"February",2028,5760
"HU",2028-03-01,"March",2028,6010
"HU",2028-04-01,"April",2028,5450
"HU",2028-05-01,"May",2028,5830
"HU",2028-06-01,"June",2028,6020
"HU",2028-07-01,"July",2028,6840
"HU",2028-08-01,"August",2028,6470
"IE",2026-09-01,"September",2026,4555
"IE",2026-10-01,"October",2026,4698
"IE",2026-11-01,"November",2026,4388
"IE",2026-12-01,"December",2026,4388
"IE",2027-01-01,"January",2027,4554
"IE",2027-02-01,"February",2027,4026
"IE",2027-03-01,"March",2027,4383
"IE",2027-04-01,"April",2027,4294
"IE",2027-05-01,"May",2027,4501
"IE",2027-06-01,"June",2027,4399
"IE",2027-07-01,"July",2027,4623
"IE",2027-08-01,"August",2027,4517
"IE",2027-09-01,"September",2027,4555
"IE",2027-10-01,"October",2027,4698
"IE",2027-11-01,"November",2027,4388
"IE",2027-12-01,"December",2027,4388
"IE",2028-01-01,"January",2028,4554
"IE",2028-02-01,"February",2028,4026
"IE",2028-03-01,"March",2028,4383
"IE",2028-04-01,"April",2028,4294
"IE",2028-05-01,"May",2028,4501
"IE",2028-06-01,"June",2028,4399
"IE",2028-07-01,"July",2028,4623
"IE",2028-08-01,"August",2028,4517
"IS",2026-09-01,"September",2026,346
"IS",2026-10-01,"October",2026,387
"IS",2026-11-01,"November",2026,338
"IS",2026-12-01,"December",2026,332
"IS",2027-01-01,"January",2027,327
"IS",2027-02-01,"February",2027,348
"IS",2027-03-01,"March",2027,303
"IS",2027-04-01,"April",2027,398
"IS",2027-05-01,"May",2027,351
"IS",2027-06-01,"June",2027,364
"IS",2027-07-01,"July",2027,382
"IS",2027-08-01,"August",2027,380
"IS",2027-09-01,"September",2027,346
"IS",2027-10-01,"October",2027,387
"IS",2027-11-01,"November",2027,338
"IS",2027-12-01,"December",2027,332
"IS",2028-01-01,"January",2028,327
"IS",2028-02-01,"February",2028,348
"IS",2028-03-01,"March",2028,303
"IS",2028-04-01,"April",2028,398
"IS",2028-05-01,"May",2028,351
"IS",2028-06-01,"June",2028,364
"IS",2028-07-01,"July",2028,382
"IS",2028-08-01,"August",2028,380
"IT",2026-09-01,"September",2026,31783
"IT",2026-10-01,"October",2026,32656
"IT",2026-11-01,"November",2026,31425
"IT",2026-12-01,"December",2026,31209
"IT",2027-01-01,"January",2027,30794
"IT",2027-02-01,"February",2027,26293
"IT",2027-03-01,"March",2027,28135
"IT",2027-04-01,"April",2027,25809
"IT",2027-05-01,"May",2027,27137
"IT",2027-06-01,"June",2027,28158
"IT",2027-07-01,"July",2027,31959
"IT",2027-08-01,"August",2027,31446
"IT",2027-09-01,"September",2027,31783
"IT",2027-10-01,"October",2027,32656
"IT",2027-11-01,"November",2027,31425
"IT",2027-12-01,"December",2027,31209
"IT",2028-01-01,"January",2028,30794
"IT",2028-02-01,"February",2028,26293
"IT",2028-03-01,"March",2028,28135
"IT",2028-04-01,"April",2028,25809
"IT",2028-05-01,"May",2028,27137
"IT",2028-06-01,"June",2028,28158
"IT",2028-07-01,"July",2028,31959
"IT",2028-08-01,"August",2028,31446
"LI",2026-09-01,"September",2026,24
"LI",2026-10-01,"October",2026,14
"LI",2026-11-01,"November",2026,8
"LI",2026-12-01,"December",2026,26
"LI",2027-01-01,"January",2027,30
"LI",2027-02-01,"February",2027,23
"LI",2027-03-01,"March",2027,27
"LI",2027-04-01,"April",2027,27
"LI",2027-05-01,"May",2027,24
"LI",2027-06-01,"June",2027,28
"LI",2027-07-01,"July",2027,20
"LI",2027-08-01,"August",2027,26
"LI",2027-09-01,"September",2027,24
"LI",2027-10-01,"October",2027,14
"LI",2027-11-01,"November",2027,8
"LI",2027-12-01,"December",2027,26
"LI",2028-01-01,"January",2028,30
"LI",2028-02-01,"February",2028,23
"LI",2028-03-01,"March",2028,27
"LI",2028-04-01,"April",2028,27
"LI",2028-05-01,"May",2028,24
"LI",2028-06-01,"June",2028,28
"LI",2028-07-01,"July",2028,20
"LI",2028-08-01,"August",2028,26
"LT",2026-09-01,"September",2026,1712
"LT",2026-10-01,"October",2026,1558
"LT",2026-11-01,"November",2026,1480
"LT",2026-12-01,"December",2026,1425
"LT",2027-01-01,"January",2027,1221
"LT",2027-02-01,"February",2027,1263
"LT",2027-03-01,"March",2027,1377
"LT",2027-04-01,"April",2027,1419
"LT",2027-05-01,"May",2027,1503
"LT",2027-06-01,"June",2027,1492
"LT",2027-07-01,"July",2027,1649
"LT",2027-08-01,"August",2027,1568
"LT",2027-09-01,"September",2027,1712
"LT",2027-10-01,"October",2027,1558
"LT",2027-11-01,"November",2027,1480
"LT",2027-12-01,"December",2027,1425
"LT",2028-01-01,"January",2028,1221
"LT",2028-02-01,"February",2028,1263
"LT",2028-03-01,"March",2028,1377
"LT",2028-04-01,"April",2028,1419
"LT",2028-05-01,"May",2028,1503
"LT",2028-06-01,"June",2028,1492
"LT",2028-07-01,"July",2028,1649
"LT",2028-08-01,"August",2028,1568
"LU",2026-09-01,"September",2026,521
"LU",2026-10-01,"October",2026,606
"LU",2026-11-01,"November",2026,509
"LU",2026-12-01,"December",2026,544
"LU",2027-01-01,"January",2027,526
"LU",2027-02-01,"February",2027,492
"LU",2027-03-01,"March",2027,501
"LU",2027-04-01,"April",2027,493
"LU",2027-05-01,"May",2027,532
"LU",2027-06-01,"June",2027,565
"LU",2027-07-01,"July",2027,575
"LU",2027-08-01,"August",2027,549
"LU",2027-09-01,"September",2027,521
"LU",2027-10-01,"October",2027,606
"LU",2027-11-01,"November",2027,509
"LU",2027-12-01,"December",2027,544
"LU",2028-01-01,"January",2028,526
"LU",2028-02-01,"February",2028,492
"LU",2028-03-01,"March",2028,501
"LU",2028-04-01,"April",2028,493
"LU",2028-05-01,"May",2028,532
"LU",2028-06-01,"June",2028,565
"LU",2028-07-01,"July",2028,575
"LU",2028-08-01,"August",2028,549
"LV",2026-09-01,"September",2026,1046
"LV",2026-10-01,"October",2026,1020
"LV",2026-11-01,"November",2026,959
"LV",2026-12-01,"December",2026,933
"LV",2027-01-01,"January",2027,881
"LV",2027-02-01,"February",2027,890
"LV",2027-03-01,"March",2027,985
"LV",2027-04-01,"April",2027,976
"LV",2027-05-01,"May",2027,946
"LV",2027-06-01,"June",2027,982
"LV",2027-07-01,"July",2027,1103
"LV",2027-08-01,"August",2027,1074
"LV",2027-09-01,"September",2027,1046
"LV",2027-10-01,"October",2027,1020
"LV",2027-11-01,"November",2027,959
"LV",2027-12-01,"December",2027,933
"LV",2028-01-01,"January",2028,881
"LV",2028-02-01,"February",2028,890
"LV",2028-03-01,"March",2028,985
"LV",2028-04-01,"April",2028,976
"LV",2028-05-01,"May",2028,946
"LV",2028-06-01,"June",2028,982
"LV",2028-07-01,"July",2028,1103
"LV",2028-08-01,"August",2028,1074
"MT",2026-09-01,"September",2026,384
"MT",2026-10-01,"October",2026,401
"MT",2026-11-01,"November",2026,402
"MT",2026-12-01,"December",2026,401
"MT",2027-01-01,"January",2027,364
"MT",2027-02-01,"February",2027,322
"MT",2027-03-01,"March",2027,347
"MT",2027-04-01,"April",2027,326
"MT",2027-05-01,"May",2027,343
"MT",2027-06-01,"June",2027,341
"MT",2027-07-01,"July",2027,363
"MT",2027-08-01,"August",2027,387
"MT",2027-09-01,"September",2027,384
"MT",2027-10-01,"October",2027,401
"MT",2027-11-01,"November",2027,402
"MT",2027-12-01,"December",2027,401
"MT",2028-01-01,"January",2028,364
"MT",2028-02-01,"February",2028,322
"MT",2028-03-01,"March",2028,347
"MT",2028-04-01,"April",2028,326
"MT",2028-05-01,"May",2028,343
"MT",2028-06-01,"June",2028,341
"MT",2028-07-01,"July",2028,363
"MT",2028-08-01,"August",2028,387
"NL",2026-09-01,"September",2026,14521
"NL",2026-10-01,"October",2026,14074
"NL",2026-11-01,"November",2026,13371
"NL",2026-12-01,"December",2026,13170
"NL",2027-01-01,"January",2027,13690
"NL",2027-02-01,"February",2027,12148
"NL",2027-03-01,"March",2027,13289
"NL",2027-04-01,"April",2027,13434
"NL",2027-05-01,"May",2027,14331
"NL",2027-06-01,"June",2027,14021
"NL",2027-07-01,"July",2027,14964
"NL",2027-08-01,"August",2027,15082
"NL",2027-09-01,"September",2027,14521
"NL",2027-10-01,"October",2027,14074
"NL",2027-11-01,"November",2027,13371
"NL",2027-12-01,"December",2027,13170
"NL",2028-01-01,"January",2028,13690
"NL",2028-02-01,"February",2028,12148
"NL",2028-03-01,"March",2028,13289
"NL",2028-04-01,"April",2028,13434
"NL",2028-05-01,"May",2028,14331
"NL",2028-06-01,"June",2028,14021
"NL",2028-07-01,"July",2028,14964
"NL",2028-08-01,"August",2028,15082
"NO",2026-09-01,"September",2026,4947
"NO",2026-10-01,"October",2026,4641
"NO",2026-11-01,"November",2026,4021
"NO",2026-12-01,"December",2026,3420
"NO",2027-01-01,"January",2027,4473
"NO",2027-02-01,"February",2027,4140
"NO",2027-03-01,"March",2027,4489
"NO",2027-04-01,"April",2027,4649
"NO",2027-05-01,"May",2027,4960
"NO",2027-06-01,"June",2027,4899
"NO",2027-07-01,"July",2027,5207
"NO",2027-08-01,"August",2027,5265
"NO",2027-09-01,"September",2027,4947
"NO",2027-10-01,"October",2027,4641
"NO",2027-11-01,"November",2027,4021
"NO",2027-12-01,"December",2027,3420
"NO",2028-01-01,"January",2028,4473
"NO",2028-02-01,"February",2028,4140
"NO",2028-03-01,"March",2028,4489
"NO",2028-04-01,"April",2028,4649
"NO",2028-05-01,"May",2028,4960
"NO",2028-06-01,"June",2028,4899
"NO",2028-07-01,"July",2028,5207
"NO",2028-08-01,"August",2028,5265
"PL",2026-09-01,"September",2026,22500
"PL",2026-10-01,"October",2026,20923
"PL",2026-11-01,"November",2026,18893
"PL",2026-12-01,"December",2026,20295
"PL",2027-01-01,"January",2027,20834
"PL",2027-02-01,"February",2027,17962
"PL",2027-03-01,"March",2027,18724
"PL",2027-04-01,"April",2027,19254
"PL",2027-05-01,"May",2027,19410
"PL",2027-06-01,"June",2027,19571
"PL",2027-07-01,"July",2027,22500
"PL",2027-08-01,"August",2027,20500
"PL",2027-09-01,"September",2027,22500
"PL",2027-10-01,"October",2027,20923
"PL",2027-11-01,"November",2027,18893
"PL",2027-12-01,"December",2027,20295
"PL",2028-01-01,"January",2028,20834
"PL",2028-02-01,"February",2028,17962
"PL",2028-03-01,"March",2028,18724
"PL",2028-04-01,"April",2028,19254
"PL",2028-05-01,"May",2028,19410
"PL",2028-06-01,"June",2028,19571
"PL",2028-07-01,"July",2028,22500
"PL",2028-08-01,"August",2028,20500
"PT",2026-09-01,"September",2026,7832
"PT",2026-10-01,"October",2026,7428
"PT",2026-11-01,"November",2026,7094
"PT",2026-12-01,"December",2026,7008
"PT",2027-01-01,"January",2027,7078
"PT",2027-02-01,"February",2027,6317
"PT",2027-03-01,"March",2027,6982
"PT",2027-04-01,"April",2027,7010
"PT",2027-05-01,"May",2027,7337
"PT",2027-06-01,"June",2027,7199
"PT",2027-07-01,"July",2027,7764
"PT",2027-08-01,"August",2027,7514
"PT",2027-09-01,"September",2027,7832
"PT",2027-10-01,"October",2027,7428
"PT",2027-11-01,"November",2027,7094
"PT",2027-12-01,"December",2027,7008
"PT",2028-01-01,"January",2028,7078
"PT",2028-02-01,"February",2028,6317
"PT",2028-03-01,"March",2028,6982
"PT",2028-04-01,"April",2028,7010
"PT",2028-05-01,"May",2028,7337
"PT",2028-06-01,"June",2028,7199
"PT",2028-07-01,"July",2028,7764
"PT",2028-08-01,"August",2028,7514
"RO",2026-09-01,"September",2026,13135
"RO",2026-10-01,"October",2026,11216
"RO",2026-11-01,"November",2026,9668
"RO",2026-12-01,"December",2026,11014
"RO",2027-01-01,"January",2027,11715
"RO",2027-02-01,"February",2027,10003
"RO",2027-03-01,"March",2027,10217
"RO",2027-04-01,"April",2027,10033
"RO",2027-05-01,"May",2027,10308
"RO",2027-06-01,"June",2027,11044
"RO",2027-07-01,"July",2027,12828
"RO",2027-08-01,"August",2027,11778
"RO",2027-09-01,"September",2027,13135
"RO",2027-10-01,"October",2027,11216
"RO",2027-11-01,"November",2027,9668
"RO",2027-12-01,"December",2027,11014
"RO",2028-01-01,"January",2028,11715
"RO",2028-02-01,"February",2028,10003
"RO",2028-03-01,"March",2028,10217
"RO",2028-04-01,"April",2028,10033
"RO",2028-05-01,"May",2028,10308
"RO",2028-06-01,"June",2028,11044
"RO",2028-07-01,"July",2028,12828
"RO",2028-08-01,"August",2028,11778
"SE",2026-09-01,"September",2026,7940
"SE",2026-10-01,"October",2026,8174
"SE",2026-11-01,"November",2026,7264
"SE",2026-12-01,"December",2026,6981
"SE",2027-01-01,"January",2027,7988
"SE",2027-02-01,"February",2027,7590
"SE",2027-03-01,"March",2027,8328
"SE",2027-04-01,"April",2027,8278
"SE",2027-05-01,"May",2027,8977
"SE",2027-06-01,"June",2027,8544
"SE",2027-07-01,"July",2027,9058
"SE",2027-08-01,"August",2027,8658
"SE",2027-09-01,"September",2027,7940
"SE",2027-10-01,"October",2027,8174
"SE",2027-11-01,"November",2027,7264
"SE",2027-12-01,"December",2027,6981
"SE",2028-01-01,"January",2028,7988
"SE",2028-02-01,"February",2028,7590
"SE",2028-03-01,"March",2028,8328
"SE",2028-04-01,"April",2028,8278
"SE",2028-05-01,"May",2028,8977
"SE",2028-06-01,"June",2028,8544
"SE",2028-07-01,"July",2028,9058
"SE",2028-08-01,"August",2028,8658
"SI",2026-09-01,"September",2026,1515
"SI",2026-10-01,"October",2026,1531
"SI",2026-11-01,"November",2026,1376
"SI",2026-12-01,"December",2026,1302
"SI",2027-01-01,"January",2027,1411
"SI",2027-02-01,"February",2027,1233
"SI",2027-03-01,"March",2027,1374
"SI",2027-04-01,"April",2027,1286
"SI",2027-05-01,"May",2027,1388
"SI",2027-06-01,"June",2027,1389
"SI",2027-07-01,"July",2027,1512
"SI",2027-08-01,"August",2027,1525
"SI",2027-09-01,"September",2027,1515
"SI",2027-10-01,"October",2027,1531
"SI",2027-11-01,"November",2027,1376
"SI",2027-12-01,"December",2027,1302
"SI",2028-01-01,"January",2028,1411
"SI",2028-02-01,"February",2028,1233
"SI",2028-03-01,"March",2028,1374
"SI",2028-04-01,"April",2028,1286
"SI",2028-05-01,"May",2028,1388
"SI",2028-06-01,"June",2028,1389
"SI",2028-07-01,"July",2028,1512
"SI",2028-08-01,"August",2028,1525
"SK",2026-09-01,"September",2026,4134
"SK",2026-10-01,"October",2026,3808
"SK",2026-11-01,"November",2026,3565
"SK",2026-12-01,"December",2026,3616
"SK",2027-01-01,"January",2027,3563
"SK",2027-02-01,"February",2027,3350
"SK",2027-03-01,"March",2027,3435
"SK",2027-04-01,"April",2027,3248
"SK",2027-05-01,"May",2027,3462
"SK",2027-06-01,"June",2027,3334
"SK",2027-07-01,"July",2027,3988
"SK",2027-08-01,"August",2027,3755
"SK",2027-09-01,"September",2027,4134
"SK",2027-10-01,"October",2027,3808
"SK",2027-11-01,"November",2027,3565
"SK",2027-12-01,"December",2027,3616
"SK",2028-01-01,"January",2028,3563
"SK",2028-02-01,"February",2028,3350
"SK",2028-03-01,"March",2028,3435
"SK",2028-04-01,"April",2028,3248
"SK",2028-05-01,"May",2028,3462
"SK",2028-06-01,"June",2028,3334
"SK",2028-07-01,"July",2028,3988
"SK",2028-08-01,"August",2028,3755
