DATAFLOW,LAST UPDATE,freq,unit,month,geo,TIME_PERIOD,OBS_VALUE,OBS_FLAG,CONF_STATUS
ESTAT:DEMO_FMONTH(1.0),29/01/2026 23:00,Annual,Number,January,Ireland,2015,5613,,
ESTAT:DEMO_FMONTH(1.0),29/01/2026 23:00,Annual,Number,January,Ireland,2016,5318,,
ESTAT:DEMO_FMONTH(1.0),29/01/2026 23:00,Annual,Number,January,Ireland,2017,5216,,
ESTAT:DEMO_FMONTH(1.0),29/01/2026 23:00,Annual,Number,January,Ireland,2018,5169,,
ESTAT:DEMO_FMONTH(1.0),29/01/2026 23:00,Annual,Number,January,Ireland,2019,5166,,
ESTAT:DEMO_FMONTH(1.0),29/01/2026 23:00,Annual,Number,January,Ireland,2020,4974,,
ESTAT:DEMO_FMONTH(1.0),29/01/2026 23:00,Annual,Number,January,Ireland,2021,4751,,
ESTAT:DEMO_FMONTH(1.0),29/01/2026 23:00,Annual,Number,January,Ireland,2022,4920,,
ESTAT:DEMO_FMONTH(1.0),29/01/2026 23:00,Annual,Number,January,Ireland,2023,4551,,
ESTAT:DEMO_FMONTH(1.0),29/01/2026 23:00,Annual,Number,January,Ireland,2024,5281,,
ESTAT:DEMO_FMONTH(1.0),29/01/2026 23:00,Annual,Number,February,Ireland,2015,4995,,
ESTAT:DEMO_FMONTH(1.0),29/01/2026 23:00,Annual,Number,February,Ireland,2016,4951,,
ESTAT:DEMO_FMONTH(1.0),29/01/2026 23:00,Annual,Number,February,Ireland,2017,4752,,
ESTAT:DEMO_FMONTH(1.0),29/01/2026 23:00,Annual,Number,February,Ireland,2018,4562,,
ESTAT:DEMO_FMONTH(1.0),29/01/2026 23:00,Annual,Number,February,Ireland,2019,4436,,
ESTAT:DEMO_FMONTH(1.0),29/01/2026 23:00,Annual,Number,February,Ireland,2020,4364,,
ESTAT:DEMO_FMONTH(1.0),29/01/2026 23:00,Annual,Number,February,Ireland,2021,4680,,
ESTAT:DEMO_FMONTH(1.0),29/01/2026 23:00,Annual,Number,February,Ireland,2022,4239,,
ESTAT:DEMO_FMONTH(1.0),29/01/2026 23:00,Annual,Number,February,Ireland,2023,3973,,
ESTAT:DEMO_FMONTH(1.0),29/01/2026 23:00,Annual,Number,February,Ireland,2024,4255,,
ESTAT:DEMO_FMONTH(1.0),29/01/2026 23:00,Annual,Number,March,Ireland,2015,5381,,
ESTAT:DEMO_FMONTH(1.0),29/01/2026 23:00,Annual,Number,March,Ireland,2016,5287,,
ESTAT:DEMO_FMONTH(1.0),29/01/2026 23:00,Annual,Number,March,Ireland,2017,5145,,
ESTAT:DEMO_FMONTH(1.0),29/01/2026 23:00,Annual,Number,March,Ireland,2018,5123,,
ESTAT:DEMO_FMONTH(1.0),29/01/2026 23:00,Annual,Number,March,Ireland,2019,4695,,
ESTAT:DEMO_FMONTH(1.0),29/01/2026 23:00,Annual,Number,March,Ireland,2020,4753,,
ESTAT:DEMO_FMONTH(1.0),29/01/2026 23:00,Annual,Number,March,Ireland,2021,5095,,
ESTAT:DEMO_FMONTH(1.0),29/01/2026 23:00,Annual,Number,March,Ireland,2022,4446,,
ESTAT:DEMO_FMONTH(1.0),29/01/2026 23:00,Annual,Number,March,Ireland,2023,4566,,
ESTAT:DEMO_FMONTH(1.0),29/01/2026 23:00,Annual,Number,March,Ireland,2024,3949,,
ESTAT:DEMO_FMONTH(1.0),29/01/2026 23:00,Annual,Number,April,Ireland,2015,5169,,
ESTAT:DEMO_FMONTH(1.0),29/01/2026 23:00,Annual,Number,April,Ireland,2016,5237,,
ESTAT:DEMO_FMONTH(1.0),29/01/2026 23:00,Annual,Number,April,Ireland,2017,4815,,
ESTAT:DEMO_FMONTH(1.0),29/01/2026 23:00,Annual,Number,April,Ireland,2018,4720,,
ESTAT:DEMO_FMONTH(1.0),29/01/2026 23:00,Annual,Number,April,Ireland,2019,4755,,
ESTAT:DEMO_FMONTH(1.0),29/01/2026 23:00,Annual,Number,April,Ireland,2020,4492,,
ESTAT:DEMO_FMONTH(1.0),29/01/2026 23:00,Annual,Number,April,Ireland,2021,4884,,
ESTAT:DEMO_FMONTH(1.0),29/01/2026 23:00,Annual,Number,April,Ireland,2022,4204,,
ESTAT:DEMO_FMONTH(1.0),29/01/2026 23:00,Annual,Number,April,Ireland,2023,4169,,
ESTAT:DEMO_FMONTH(1.0),29/01/2026 23:00,Annual,Number,April,Ireland,2024,4724,,
ESTAT:DEMO_FMONTH(1.0),29/01/2026 23:00,Annual,Number,May,Ireland,2015,5481,,
ESTAT:DEMO_FMONTH(1.0),29/01/2026 23:00,Annual,Number,May,Ireland,2016,5257,,
ESTAT:DEMO_FMONTH(1.0),29/01/2026 23:00,Annual,Number,May,Ireland,2017,5064,,
ESTAT:DEMO_FMONTH(1.0),29/01/2026 23:00,Annual,Number,May,Ireland,2018,5167,,
ESTAT:DEMO_FMONTH(1.0),29/01/2026 23:00,Annual,Number,May,Ireland,2019,5006,,
ESTAT:DEMO_FMONTH(1.0),29/01/2026 23:00,Annual,Number,May,Ireland,2020,4686,,
ESTAT:DEMO_FMONTH(1.0),29/01/2026 23:00,Annual,Number,May,Ireland,2021,4736,,
ESTAT:DEMO_FMONTH(1.0),29/01/2026 23:00,Annual,Number,May,Ireland,2022,4269,,
ESTAT:DEMO_FMONTH(1.0),29/01/2026 23:00,Annual,Number,May,Ireland,2023,4545,,
ESTAT:DEMO_FMONTH(1.0),29/01/2026 23:00,Annual,Number,May,Ireland,2024,4672,,
ESTAT:DEMO_FMONTH(1.0),29/01/2026 23:00,Annual,Number,June,Ireland,2015,5307,,
ESTAT:DEMO_FMONTH(1.0),29/01/2026 23:00,Annual,Number,June,Ireland,2016,5414,,
ESTAT:DEMO_FMONTH(1.0),29/01/2026 23:00,Annual,Number,June,Ireland,2017,5326,,
ESTAT:DEMO_FMONTH(1.0),29/01/2026 23:00,Annual,Number,June,Ireland,2018,5019,,
ESTAT:DEMO_FMONTH(1.0),29/01/2026 23:00,Annual,Number,June,Ireland,2019,4712,,
ESTAT:DEMO_FMONTH(1.0),29/01/2026 23:00,Annual,Number,June,Ireland,2020,4666,,
ESTAT:DEMO_FMONTH(1.0),29/01/2026 23:00,Annual,Number,June,Ireland,2021,4922,,
ESTAT:DEMO_FMONTH(1.0),29/01/2026 23:00,Annual,Number,June,Ireland,2022,4544,,
ESTAT:DEMO_FMONTH(1.0),29/01/2026 23:00,Annual,Number,June,Ireland,2023,4575,,
ESTAT:DEMO_FMONTH(1.0),29/01/2026 23:00,Annual,Number,June,Ireland,2024,3964,,
ESTAT:DEMO_FMONTH(1.0),29/01/2026 23:00,Annual,Number,July,Ireland,2015,5968,,
ESTAT:DEMO_FMONTH(1.0),29/01/2026 23:00,Annual,Number,July,Ireland,2016,5450,,
ESTAT:DEMO_FMONTH(1.0),29/01/2026 23:00,Annual,Number,July,Ireland,2017,5324,,
ESTAT:DEMO_FMONTH(1.0),29/01/2026 23:00,Annual,Number,July,Ireland,2018,5291,,
ESTAT:DEMO_FMONTH(1.0),29/01/2026 23:00,Annual,Number,July,Ireland,2019,5237,,
ESTAT:DEMO_FMONTH(1.0),29/01/2026 23:00,Annual,Number,July,Ireland,2020,5049,,
ESTAT:DEMO_FMONTH(1.0),29/01/2026 23:00,Annual,Number,July,Ireland,2021,5300,,
ESTAT:DEMO_FMONTH(1.0),29/01/2026 23:00,Annual,Number,July,Ireland,2022,4681,,
ESTAT:DEMO_FMONTH(1.0),29/01/2026 23:00,Annual,Number,July,Ireland,2023,4734,,
ESTAT:DEMO_FMONTH(1.0),29/01/2026 23:00,Annual,Number,August,Ireland,2015,5466,,
ESTAT:DEMO_FMONTH(1.0),29/01/2026 23:00,Annual,Number,August,Ireland,2016,5372,,
ESTAT:DEMO_FMONTH(1.0),29/01/2026 23:00,Annual,Number,August,Ireland,2017,5384,,
ESTAT:DEMO_FMONTH(1.0),29/01/2026 23:00,Annual,Number,August,Ireland,2018,5193,,
ESTAT:DEMO_FMONTH(1.0),29/01/2026 23:00,Annual,Number,August,Ireland,2019,5274,,
ESTAT:DEMO_FMONTH(1.0),29/01/2026 23:00,Annual,Number,August,Ireland,2020,4786,,
ESTAT:DEMO_FMONTH(1.0),29/01/2026 23:00,Annual,Number,August,Ireland,2021,5203,,
ESTAT:DEMO_FMONTH(1.0),29/01/2026 23:00,Annual,Number,August,Ireland,2022,4709,,
ESTAT:DEMO_FMONTH(1.0),29/01/2026 23:00,Annual,Number,August,Ireland,2023,4742,,
ESTAT:DEMO_FMONTH(1.0),29/01/2026 23:00,Annual,Number,September,Ireland,2015,5839,,
ESTAT:DEMO_FMONTH(1.0),29/01/2026 23:00,Annual,Number,September,Ireland,2016,5677,,
ESTAT:DEMO_FMONTH(1.0),29/01/2026 23:00,Annual,Number,September,Ireland,2017,5383,,
ESTAT:DEMO_FMONTH(1.0),29/01/2026 23:00,Annual,Number,September,Ireland,2018,5243,,
ESTAT:DEMO_FMONTH(1.0),29/01/2026 23:00,Annual,Number,September,Ireland,2019,5090,,
ESTAT:DEMO_FMONTH(1.0),29/01/2026 23:00,Annual,Number,September,Ireland,2020,4839,,
ESTAT:DEMO_FMONTH(1.0),29/01/2026 23:00,Annual,Number,September,Ireland,2021,5352,,
ESTAT:DEMO_FMONTH(1.0),29/01/2026 23:00,Annual,Number,September,Ireland,2022,4773,,
ESTAT:DEMO_FMONTH(1.0),29/01/2026 23:00,Annual,Number,September,Ireland,2023,4545,,
ESTAT:DEMO_FMONTH(1.0),29/01/2026 23:00,Annual,Number,October,Ireland,2015,5614,,
ESTAT:DEMO_FMONTH(1.0),29/01/2026 23:00,Annual,Number,October,Ireland,2016,5381,,
ESTAT:DEMO_FMONTH(1.0),29/01/2026 23:00,Annual,Number,October,Ireland,2017,5276,,
ESTAT:DEMO_FMONTH(1.0),29/01/2026 23:00,Annual,Number,October,Ireland,2018,5179,,
ESTAT:DEMO_FMONTH(1.0),29/01/2026 23:00,Annual,Number,October,Ireland,2019,5109,,
ESTAT:DEMO_FMONTH(1.0),29/01/2026 23:00,Annual,Number,October,Ireland,2020,4632,,
ESTAT:DEMO_FMONTH(1.0),29/01/2026 23:00,Annual,Number,October,Ireland,2021,5249,,
ESTAT:DEMO_FMONTH(1.0),29/01/2026 23:00,Annual,Number,October,Ireland,2022,4705,,
ESTAT:DEMO_FMONTH(1.0),29/01/2026 23:00,Annual,Number,October,Ireland,2023,4811,,
ESTAT:DEMO_FMONTH(1.0),29/01/2026 23:00,Annual,Number,November,Ireland,2015,5276,,
ESTAT:DEMO_FMONTH(1.0),29/01/2026 23:00,Annual,Number,November,Ireland,2016,5177,,
ESTAT:DEMO_FMONTH(1.0),29/01/2026 23:00,Annual,Number,November,Ireland,2017,5140,,
ESTAT:DEMO_FMONTH(1.0),29/01/2026 23:00,Annual,Number,November,Ireland,2018,5228,,
ESTAT:DEMO_FMONTH(1.0),29/01/2026 23:00,Annual,Number,November,Ireland,2019,5012,,
ESTAT:DEMO_FMONTH(1.0),29/01/2026 23:00,Annual,Number,November,Ireland,2020,4348,,
ESTAT:DEMO_FMONTH(1.0),29/01/2026 23:00,Annual,Number,November,Ireland,2021,5096,,
ESTAT:DEMO_FMONTH(1.0),29/01/2026 23:00,Annual,Number,November,Ireland,2022,4474,,
ESTAT:DEMO_FMONTH(1.0),29/01/2026 23:00,Annual,Number,November,Ireland,2023,4606,,
ESTAT:DEMO_FMONTH(1.0),29/01/2026 23:00,Annual,Number,December,Ireland,2015,5427,,
ESTAT:DEMO_FMONTH(1.0),29/01/2026 23:00,Annual,Number,December,Ireland,2016,5320,,
ESTAT:DEMO_FMONTH(1.0),29/01/2026 23:00,Annual,Number,December,Ireland,2017,4999,,
ESTAT:DEMO_FMONTH(1.0),29/01/2026 23:00,Annual,Number,December,Ireland,2018,5128,,
ESTAT:DEMO_FMONTH(1.0),29/01/2026 23:00,Annual,Number,December,Ireland,2019,4797,,
ESTAT:DEMO_FMONTH(1.0),29/01/2026 23:00,Annual,Number,December,Ireland,2020,4370,,
ESTAT:DEMO_FMONTH(1.0),29/01/2026 23:00,Annual,Number,December,Ireland,2021,5285,,
ESTAT:DEMO_FMONTH(1.0),29/01/2026 23:00,Annual,Number,December,Ireland,2022,4447,,
ESTAT:DEMO_FMONTH(1.0),29/01/2026 23:00,Annual,Number,December,Ireland,2023,4655,,
ESTAT:DEMO_FMONTH(1.0),29/01/2026 23:00,Annual,Number,Total,Ireland,2015,65536,,
ESTAT:DEMO_FMONTH(1.0),29/01/2026 23:00,Annual,Number,Total,Ireland,2016,63841,,
ESTAT:DEMO_FMONTH(1.0),29/01/2026 23:00,Annual,Number,Total,Ireland,2017,61824,,
ESTAT:DEMO_FMONTH(1.0),29/01/2026 23:00,Annual,Number,Total,Ireland,2018,61022,,
ESTAT:DEMO_FMONTH(1.0),29/01/2026 23:00,Annual,Number,Total,Ireland,2019,59289,,
ESTAT:DEMO_FMONTH(1.0),29/01/2026 23:00,Annual,Number,Total,Ireland,2020,55959,,
ESTAT:DEMO_FMONTH(1.0),29/01/2026 23:00,Annual,Number,Total,Ireland,2021,60553,,
ESTAT:DEMO_FMONTH(1.0),29/01/2026 23:00,Annual,Number,Total,Ireland,2022,54411,,
ESTAT:DEMO_FMONTH(1.0),29/01/2026 23:00,Annual,Number,Total,Ireland,2023,54472,,
ESTAT:DEMO_FMONTH(1.0),29/01/2026 23:00,Annual,Number,Unknown,Ireland,2015,0,,
ESTAT:DEMO_FMONTH(1.0),29/01/2026 23:00,Annual,Number,Unknown,Ireland,2016,0,,
ESTAT:DEMO_FMONTH(1.0),29/01/2026 23:00,Annual,Number,Unknown,Ireland,2017,0,,
ESTAT:DEMO_FMONTH(1.0),29/01/2026 23:00,Annual,Number,Unknown,Ireland,2018,0,,
ESTAT:DEMO_FMONTH(1.0),29/01/2026 23:00,Annual,Number,Unknown,Ireland,2019,0,,
ESTAT:DEMO_FMONTH(1.0),29/01/2026 23:00,Annual,Number,Unknown,Ireland,2020,0,,
ESTAT:DEMO_FMONTH(1.0),29/01/2026 23:00,Annual,Number,Unknown,Ireland,2021,0,,
ESTAT:DEMO_FMONTH(1.0),29/01/2026 23:00,Annual,Number,Unknown,Ireland,2022,0,,
ESTAT:DEMO_FMONTH(1.0),29/01/2026 23:00,Annual,Number,Unknown,Ireland,2023,0,,
